file,size_bytes,rows,columns
01_LEGACY_T1B_VALIDATION.json,585,,"JSON keys: expected,observed,state"
02A_CROSS_SOURCE_STRUCTURAL_COMPARISON.csv,1424,10.0,threshold | gse17576_reactions | gse305719_reactions | shared | gse17576_only | gse305719_only | jaccard | structure_basis
02B_WITHIN_SOURCE_STRUCTURE_VS_P25.csv,1253,20.0,source | threshold | reference_threshold | reactions | p25_reactions | shared | threshold_only | p25_only | jaccard_to_P25
02C_RUNTIME_SAMPLE_REACTION_SETS.csv,670,20.0,source | threshold | runtime_sample_reaction_columns | within_source_common_reactions | global_common_reactions
03_CURATED_REACTION_COVERAGE.csv,50899,720.0,source | threshold | definition | subsystem | n_scored_reactions | n_mapped_reactions_total | coverage_fraction_of_map
04_CURATED_SAMPLE_SCORES.csv.gz,8824236,648000.0,source | threshold | definition | subsystem | context_key | mouseID | tissue | group | sample_index | score
05_CURATED_CONTEXT_SCORES.csv,1476500,12960.0,context_key | mouseID | tissue | group | score | source | threshold | definition | subsystem
06_CURATED_GROUP_CONTRASTS.csv,336931,2160.0,source | threshold | definition | tissue | subsystem | control_median | hfd_median | delta_hfd_minus_control | direction | cliffs_delta | exact_permutation_p | n_control | n_hfd
07_CURATED_LOMO.csv.gz,119817,12960.0,source | threshold | definition | tissue | subsystem | removed_mouse | full_direction | lomo_delta_hfd_minus_control | lomo_direction | direction_retained
08_CURATED_THRESHOLD_STABILITY.csv,56159,216.0,source | definition | tissue | subsystem | thresholds_expected | n_thresholds_present | complete | stable_direction_across_all | stable_direction | adjacent_direction_changes | direction_NT | direction_P5 | direction_P10 | direction_P15 | direction_P20 | direction_P25 | direction_P30 | direction_P35 | direction_P40 | direction_P45
09_CURATED_CROSS_SOURCE_AGREEMENT.csv,306121,1080.0,source_gse17576 | threshold | definition | tissue | subsystem | control_median_gse17576 | hfd_median_gse17576 | delta_hfd_minus_control_gse17576 | direction_gse17576 | cliffs_delta_gse17576 | exact_permutation_p_gse17576 | n_control_gse17576 | n_hfd_gse17576 | source_gse305719 | control_median_gse305719 | hfd_median_gse305719 | delta_hfd_minus_control_gse305719 | direction_gse305719 | cliffs_delta_gse305719 | exact_permutation_p_gse305719 | n_control_gse305719 | n_hfd_gse305719 | direction_agreement | delta_absolute_difference
10_CURATED_NATIVE_VS_HARMONIZED.csv,218542,1440.0,source | threshold | tissue | subsystem | harmonized_definition | native_direction | harmonized_direction | direction_agreement | native_delta | harmonized_delta | absolute_delta_difference
11A_MATCHED_WHOLE_FVA_REACTION_CONTEXT.csv.gz,54867167,1291950.0,context_key | reaction_id | minimum_gse17576 | maximum_gse17576 | width_gse17576 | midpoint_gse17576 | classification_calc_gse17576 | minimum_gse305719 | maximum_gse305719 | width_gse305719 | midpoint_gse305719 | classification_calc_gse305719 | threshold | interval_overlap | bounds_equal | gse17576_contains_gse305719 | gse305719_contains_gse17576 | classification_agreement | width_ratio_gse305719_over_gse17576 | midpoint_absolute_difference | midpoint_normalized_absolute_difference
11B_MATCHED_WHOLE_FVA_GLOBAL_SUMMARY.csv,1816,10.0,threshold | matched_reaction_contexts | matched_reactions | matched_contexts | interval_overlap_fraction | bounds_equal_fraction | classification_agreement_fraction | gse305719_contains_gse17576_fraction | gse17576_contains_gse305719_fraction | median_width_ratio_gse305719_over_gse17576 | median_midpoint_absolute_difference | median_midpoint_normalized_absolute_difference
12_MATCHED_WHOLE_FVA_CURATED_SUBSYSTEM.csv,15837,120.0,threshold | matched_reaction_contexts | matched_reactions | matched_contexts | interval_overlap_fraction | bounds_equal_fraction | classification_agreement_fraction | gse305719_contains_gse17576_fraction | gse17576_contains_gse305719_fraction | median_width_ratio_gse305719_over_gse17576 | median_midpoint_absolute_difference | median_midpoint_normalized_absolute_difference | subsystem | mapped_reactions_total | matched_subsystem_reactions
13_MATCHED_FOCAL_FVA.csv,465145,1800.0,context_key | reaction_id | minimum_gse17576 | maximum_gse17576 | width_gse17576 | midpoint_gse17576 | classification_calc_gse17576 | minimum_gse305719 | maximum_gse305719 | width_gse305719 | midpoint_gse305719 | classification_calc_gse305719 | threshold | interval_overlap | bounds_equal | gse17576_contains_gse305719 | gse305719_contains_gse17576 | classification_agreement | width_ratio_gse305719_over_gse17576 | midpoint_absolute_difference | midpoint_normalized_absolute_difference
14A_FOCAL_SAMPLING_SOURCE_CONTEXT_STATS.csv.gz,156689,3600.0,source | threshold | context_key | mouseID | tissue | group | reaction_id | median | q1 | q3 | iqr | median_direction
14B_MATCHED_FOCAL_SAMPLING_CONTEXT.csv,571786,1800.0,source_gse17576 | threshold | context_key | mouseID | tissue | group | reaction_id | median_gse17576 | q1_gse17576 | q3_gse17576 | iqr_gse17576 | median_direction_gse17576 | source_gse305719 | median_gse305719 | q1_gse305719 | q3_gse305719 | iqr_gse305719 | median_direction_gse305719 | median_absolute_difference | median_relative_difference_vs_gse17576 | median_direction_agreement | iqr_ratio_gse305719_over_gse17576
14C_MATCHED_FOCAL_SAMPLING_SUMMARY.csv,7664,100.0,threshold | reaction_id | median_relative_difference | median_absolute_difference | median_iqr_ratio | direction_agreement_fraction | contexts
15_WITHIN_SOURCE_FOCAL_SAMPLING_VS_P25.csv,16149,180.0,source | threshold | reference_threshold | reaction_id | median_absolute_relative_difference | median_iqr_ratio | median_direction_agreement_fraction | spearman_context_medians | contexts
16_NATIVE99_STRUCTURAL_RETENTION.csv,250491,1980.0,source | threshold | subsystem | mapped_reference_reactions | present_reactions | retention_fraction | annotation_scope
17_NATIVE99_CONTEXT_SCORES.csv.gz,541518,35640.0,context_key | mouseID | tissue | group | score | source | threshold | subsystem
18_NATIVE99_GROUP_CONTRASTS.csv,1097967,5880.0,source | threshold | tissue | subsystem | control_median | hfd_median | delta_hfd_minus_control | direction | cliffs_delta | role
19_COVERAGE_MATRIX.csv,871,8.0,analysis | GSE17576 | GSE305719 | primary_scope
20_CLAIM_STRENGTH_MATRIX.csv,8351,36.0,evidence_axis | source | definition | stable_tissue_subsystem_claims | total_tissue_subsystem_claims | stable_fraction | interpretation_scope | threshold | agreement_fraction
FINAL_NUMERICAL_SUMMARY.json,2189,,"JSON keys: curated_subsystem,legacy_t1b_validation,no_gurobi_required,optimization_recomputed,p50_policy,primary_thresholds,reaction_common_sets,state,structural_cross_source,whole_fva_cross_source"
FINAL_SUMMARY.md,1850,28.0,text
REACTION_SET_GLOBAL_2SOURCE_NT_P45_COMMON.txt,52939,5721.0,text
REACTION_SET_GSE17576_LEGACY_P20_P40_COMMON.txt,60962,6574.0,text
REACTION_SET_GSE17576_NT_P45_COMMON.txt,57655,6214.0,text
REACTION_SET_GSE305719_NT_P45_COMMON.txt,55459,5976.0,text
