threshold,HEX1_median_rel,HEX1_q25_rel,HEX1_q75_rel,PDHm_median_rel,PDHm_q25_rel,PDHm_q75_rel,source
5,0.7831404364733795,0.7744918444523419,0.812997337552356,0.469815602076715,0.4411111514418452,0.48893225280631525,GSE17576
10,0.7976476347898103,0.7832397633736747,0.821765650303514,0.4496120771794199,0.3793868408796238,0.47970745058849595,GSE17576
15,0.792270001538055,0.7803394748943897,0.8732952875104717,0.4429773923475729,0.41627047817622037,0.47997610896392684,GSE17576
20,0.7808417299137193,0.772544514357078,0.7869179692380814,0.4361100583977655,0.41670806619841616,0.479392622716951,GSE17576
25,0.7911213820518385,0.7731175201859908,0.8083584599023022,0.7254974453045142,0.6009882470924144,0.8980025011372995,GSE17576
30,0.7966379619144344,0.7693008399478107,0.8120243826321778,0.7346916208098508,0.6785211752990801,0.8117899191556847,GSE17576
35,0.7819940322937617,0.7705993012500638,0.8267517304132711,0.46823526456866793,0.4213282910680059,0.4830441977853843,GSE17576
40,0.7986946697787812,0.777883195388687,0.8033178358856862,0.8073779137305415,0.6073491281644983,0.9736727406665934,GSE17576
45,0.7960462329684106,0.7785210460006267,0.8086504436685236,0.7014579897585524,0.5251496315069102,0.860528832934557,GSE17576
5,0.7939384104452288,0.778810640832629,0.8102319909853415,0.44357817265216193,0.3952378649286799,0.48739943494682836,GSE305719
10,0.8051150918433116,0.7781202282590164,0.853620381473758,0.42400434451983227,0.3788349089939807,0.4810546938677738,GSE305719
15,0.7939437769777149,0.7737171335847071,0.8575593003108065,0.4686883652164696,0.41138586302197516,0.4947731746757116,GSE305719
20,0.7914792269441887,0.7804671206354188,0.8025041788707257,0.46306923029747843,0.4232584649753762,0.4912312401916965,GSE305719
25,0.7900528102953742,0.7832873827188215,0.8427084298944003,0.45922909042267285,0.4137269976066986,0.48085032474599015,GSE305719
30,0.7859410500511315,0.7754034931319502,0.8067722405408301,0.7576594442085752,0.6538691491970126,0.8476477023232158,GSE305719
35,0.7947780730191043,0.7716854342594135,0.8189364386031026,0.8122722307416796,0.6656805476920901,0.8667012833401433,GSE305719
40,0.7999581401109351,0.776347083657999,0.8092634838274002,0.7032636279324171,0.6426557016748724,0.7962011862195473,GSE305719
45,0.790813265798554,0.7756517768433889,0.8546873355062604,0.4458988573990129,0.41391285299811387,0.48982096966391153,GSE305719
