condition,mouseID,tissue,group,MR_glc_mean,V_ox_mean,n_voxels_in_tissue,HEX1_target,PDHm_target
Gastrocnemius__dia__w9__mouse45,45,Gastrocnemius,dia,4.59083311334221,1.703949551550259,4,0.13859311994199933,0.05144070340670592
Gastrocnemius__dia__w9__mouse48,48,Gastrocnemius,dia,4.9777286996249925,1.919330088379426,3,0.15027314948584886,0.05794284797109533
Gastrocnemius__dia__w9__mouse55,55,Gastrocnemius,dia,4.357016548173592,1.6380191574772307,3,0.13153440827446738,0.049450324146995864
Gastrocnemius__dia__w9__mouse56,56,Gastrocnemius,dia,4.236633243494602,1.8141525807829235,6,0.12790014465118288,0.05476763367651376
Gastrocnemius__norm__w9__mouse49,49,Gastrocnemius,norm,4.011728359692249,1.99860949540286,6,0.12111046862358528,0.06033622191766648
Gastrocnemius__norm__w9__mouse51,51,Gastrocnemius,norm,4.745269262737952,1.2200381885889926,5,0.1432554082997223,0.03683185487913196
Soleus__dia__w9__mouse45,45,Soleus,dia,4.500826105615848,1.226531767449155,5,0.13587588938504738,0.03702789018069928
Soleus__dia__w9__mouse48,48,Soleus,dia,4.788403319677125,1.4195129473504475,8,0.1445575866580647,0.042853818318857394
Soleus__dia__w9__mouse55,55,Soleus,dia,2.731949810760246,1.3966927814373695,9,0.08247510603202214,0.04216489804809089
Soleus__dia__w9__mouse56,56,Soleus,dia,4.455298513480294,0.4436092489846245,4,0.13450145235330793,0.013392163978521728
Soleus__norm__w9__mouse49,49,Soleus,norm,3.7895228060057633,0.8810026490556412,9,0.11440228294278859,0.026596677072605657
Soleus__norm__w9__mouse51,51,Soleus,norm,4.539745038401478,1.991955545087744,7,0.13705081693880608,0.06013534514620841
TibialisAnt__dia__w9__mouse45,45,TibialisAnt,dia,4.054547189026927,1.9970922245876528,2,0.1224031305442528,0.06029041687729911
TibialisAnt__dia__w9__mouse48,48,TibialisAnt,dia,4.585087675045766,1.8113899006262384,2,0.13841967033072414,0.054684230848995576
TibialisAnt__dia__w9__mouse55,55,TibialisAnt,dia,4.707810338186665,1.4032959384777557,5,0.14212455708055105,0.04236424141629881
TibialisAnt__dia__w9__mouse56,56,TibialisAnt,dia,1.990949027094244,1.007123733837242,2,0.060104959273850844,0.030404159113185884
TibialisAnt__norm__w9__mouse49,49,TibialisAnt,norm,2.884235563655375,1.460821709359834,6,0.08707247585474849,0.04410089266603496
TibialisAnt__norm__w9__mouse51,51,TibialisAnt,norm,2.8728818299238323,1.9575198836846788,1,0.08672971685175357,0.05909576352054514
