sample,library_size_reads,organ_code,library_size_million
bat_0d_1,16477621,bat,16.477621
bat_0d_2,20035408,bat,20.035408
bat_0d_3,12649342,bat,12.649342
bat_0d_4,12920481,bat,12.920481
bat_0d_5,11295369,bat,11.295369
bat_0d_6,21788433,bat,21.788433
bat_1d_1,14657936,bat,14.657936
bat_1d_2,12737053,bat,12.737053
bat_1d_3,21534213,bat,21.534213
bat_1d_4,21792599,bat,21.792599
bat_1d_5,14261590,bat,14.26159
bat_1d_6,22051868,bat,22.051868
bat_3d_1,21783171,bat,21.783171
bat_3d_2,18156971,bat,18.156971
bat_3d_3,15548870,bat,15.54887
bat_3d_4,12431854,bat,12.431854
bat_3d_5,11480717,bat,11.480717
bat_3d_6,11130128,bat,11.130128
bat_1w_1,12425555,bat,12.425555
bat_1w_2,12192352,bat,12.192352
bat_1w_3,12140619,bat,12.140619
bat_1w_4,14851688,bat,14.851688
bat_1w_5,21354527,bat,21.354527
bat_1w_6,15127183,bat,15.127183
bat_10d_1,17708881,bat,17.708881
bat_10d_2,14350201,bat,14.350201
bat_10d_3,15859910,bat,15.85991
bat_10d_4,15727773,bat,15.727773
bat_10d_5,19484562,bat,19.484562
bat_10d_6,15536508,bat,15.536508
bat_2w_1,12292654,bat,12.292654
bat_2w_2,9686196,bat,9.686196
bat_2w_3,15742674,bat,15.742674
bat_2w_4,14614810,bat,14.61481
bat_2w_5,10523284,bat,10.523284
bat_2w_6,11512947,bat,11.512947
bat_3w_1,10882187,bat,10.882187
bat_3w_2,12464163,bat,12.464163
bat_3w_3,13091012,bat,13.091012
bat_3w_4,16796447,bat,16.796447
bat_3w_5,11087686,bat,11.087686
bat_3w_6,11494626,bat,11.494626
bat_4w_1,11537957,bat,11.537957
bat_4w_2,11069943,bat,11.069943
bat_4w_3,10635346,bat,10.635346
bat_4w_4,10999573,bat,10.999573
bat_4w_5,14268328,bat,14.268328
bat_4w_6,15456393,bat,15.456393
bat_5w_1,11151404,bat,11.151404
bat_5w_2,14645374,bat,14.645374
bat_5w_3,12047483,bat,12.047483
bat_5w_4,15286039,bat,15.286039
bat_5w_5,11722093,bat,11.722093
bat_5w_6,15732083,bat,15.732083
bat_6w_1,12189592,bat,12.189592
bat_6w_2,11667120,bat,11.66712
bat_6w_3,9832629,bat,9.832629
bat_6w_4,12431312,bat,12.431312
bat_6w_5,12627176,bat,12.627176
bat_6w_6,10453368,bat,10.453368
bat_7w_1,11973423,bat,11.973423
bat_7w_2,12051473,bat,12.051473
bat_7w_3,10378166,bat,10.378166
bat_7w_4,11439504,bat,11.439504
bat_7w_5,11644984,bat,11.644984
bat_7w_6,10809516,bat,10.809516
bat_8w_1,12030725,bat,12.030725
bat_8w_2,9849288,bat,9.849288
bat_8w_3,11506834,bat,11.506834
bat_8w_4,11491267,bat,11.491267
bat_8w_5,14938592,bat,14.938592
bat_8w_6,11225786,bat,11.225786
bat_10w_1,10252014,bat,10.252014
bat_10w_2,11009035,bat,11.009035
bat_10w_3,9899687,bat,9.899687
bat_10w_4,11159148,bat,11.159148
bat_10w_5,10729755,bat,10.729755
bat_10w_6,11895369,bat,11.895369
bat_12w_1,11621701,bat,11.621701
bat_12w_2,11459205,bat,11.459205
bat_12w_3,10096942,bat,10.096942
bat_12w_4,12110877,bat,12.110877
bat_12w_5,10077450,bat,10.07745
bat_12w_6,10905858,bat,10.905858
ewat_0d_1,16117825,ewat,16.117825
ewat_0d_2,17084405,ewat,17.084405
ewat_0d_3,15975444,ewat,15.975444
ewat_0d_4,15730958,ewat,15.730958
ewat_0d_5,14446082,ewat,14.446082
ewat_0d_6,14658837,ewat,14.658837
ewat_1d_1,14476192,ewat,14.476192
ewat_1d_2,16417885,ewat,16.417885
ewat_1d_3,15628033,ewat,15.628033
ewat_1d_4,15422589,ewat,15.422589
ewat_1d_5,14291611,ewat,14.291611
ewat_1d_6,15858841,ewat,15.858841
ewat_3d_1,14047274,ewat,14.047274
ewat_3d_2,15170179,ewat,15.170179
ewat_3d_3,16124887,ewat,16.124887
ewat_3d_4,17102522,ewat,17.102522
ewat_3d_5,16143665,ewat,16.143665
ewat_3d_6,15935945,ewat,15.935945
ewat_1w_1,13995699,ewat,13.995699
ewat_1w_2,15259633,ewat,15.259633
ewat_1w_3,15237950,ewat,15.23795
ewat_1w_4,14767650,ewat,14.76765
ewat_1w_5,15391641,ewat,15.391641
ewat_1w_6,16016838,ewat,16.016838
ewat_10d_1,20814981,ewat,20.814981
ewat_10d_2,17636481,ewat,17.636481
ewat_10d_3,16969672,ewat,16.969672
ewat_10d_4,15716231,ewat,15.716231
ewat_10d_5,15940311,ewat,15.940311
ewat_10d_6,15510050,ewat,15.51005
ewat_2w_1,17003895,ewat,17.003895
ewat_2w_2,16270919,ewat,16.270919
ewat_2w_3,14742772,ewat,14.742772
ewat_2w_4,16100247,ewat,16.100247
ewat_2w_5,17060691,ewat,17.060691
ewat_2w_6,14074133,ewat,14.074133
ewat_3w_1,14043884,ewat,14.043884
ewat_3w_2,16400829,ewat,16.400829
ewat_3w_3,14162313,ewat,14.162313
ewat_3w_4,16408479,ewat,16.408479
ewat_3w_5,15446753,ewat,15.446753
ewat_3w_6,15761059,ewat,15.761059
ewat_4w_1,16937147,ewat,16.937147
ewat_4w_2,15746191,ewat,15.746191
ewat_4w_3,16506037,ewat,16.506037
ewat_4w_4,14841654,ewat,14.841654
ewat_4w_5,13348898,ewat,13.348898
ewat_4w_6,15525594,ewat,15.525594
ewat_5w_1,14838441,ewat,14.838441
ewat_5w_2,14522641,ewat,14.522641
ewat_5w_3,14305960,ewat,14.30596
ewat_5w_4,14958327,ewat,14.958327
ewat_5w_5,17423953,ewat,17.423953
ewat_5w_6,15039893,ewat,15.039893
ewat_6w_1,19049831,ewat,19.049831
ewat_6w_2,13748122,ewat,13.748122
ewat_6w_3,11025565,ewat,11.025565
ewat_6w_4,10927176,ewat,10.927176
ewat_6w_5,11785993,ewat,11.785993
ewat_6w_6,14574341,ewat,14.574341
ewat_7w_1,13727729,ewat,13.727729
ewat_7w_2,14798999,ewat,14.798999
ewat_7w_3,15139782,ewat,15.139782
ewat_7w_4,13872644,ewat,13.872644
ewat_7w_5,13981297,ewat,13.981297
ewat_7w_6,14682506,ewat,14.682506
ewat_8w_1,13961730,ewat,13.96173
ewat_8w_2,11073463,ewat,11.073463
ewat_8w_3,11558631,ewat,11.558631
ewat_8w_4,13714884,ewat,13.714884
ewat_8w_5,12473442,ewat,12.473442
ewat_8w_6,11470115,ewat,11.470115
ewat_10w_1,13724621,ewat,13.724621
ewat_10w_2,13889614,ewat,13.889614
ewat_10w_3,11239400,ewat,11.2394
ewat_10w_4,14298456,ewat,14.298456
ewat_10w_5,11596427,ewat,11.596427
ewat_10w_6,14475309,ewat,14.475309
ewat_12w_1,11029552,ewat,11.029552
ewat_12w_2,11303509,ewat,11.303509
ewat_12w_3,10959078,ewat,10.959078
ewat_12w_4,12749898,ewat,12.749898
ewat_12w_5,14571942,ewat,14.571942
ewat_12w_6,14555515,ewat,14.555515
ewat_16w_1,14724984,ewat,14.724984
ewat_16w_2,11385842,ewat,11.385842
ewat_16w_3,13542984,ewat,13.542984
ewat_16w_4,11241988,ewat,11.241988
ewat_16w_5,14441003,ewat,14.441003
ewat_16w_6,11722784,ewat,11.722784
ewat_20w_1,15043140,ewat,15.04314
ewat_20w_2,13769872,ewat,13.769872
ewat_20w_3,13044947,ewat,13.044947
ewat_20w_4,14253793,ewat,14.253793
ewat_20w_5,11517911,ewat,11.517911
ewat_20w_6,13067259,ewat,13.067259
gas_0d_1,13867905,gas,13.867905
gas_0d_2,18766540,gas,18.76654
gas_0d_3,16805512,gas,16.805512
gas_0d_4,14171125,gas,14.171125
gas_0d_5,14610240,gas,14.61024
gas_0d_6,15298432,gas,15.298432
gas_1d_1,17983304,gas,17.983304
gas_1d_2,15791343,gas,15.791343
gas_1d_3,14294712,gas,14.294712
gas_1d_4,15515245,gas,15.515245
gas_1d_5,16853654,gas,16.853654
gas_1d_6,15698655,gas,15.698655
gas_3d_1,15455118,gas,15.455118
gas_3d_2,18176063,gas,18.176063
gas_3d_3,15856805,gas,15.856805
gas_3d_4,15607714,gas,15.607714
gas_3d_5,16397516,gas,16.397516
gas_3d_6,16337916,gas,16.337916
gas_1w_1,14955137,gas,14.955137
gas_1w_2,15755514,gas,15.755514
gas_1w_3,15218694,gas,15.218694
gas_1w_4,15303866,gas,15.303866
gas_1w_5,15902194,gas,15.902194
gas_1w_6,14665178,gas,14.665178
gas_10d_1,16892017,gas,16.892017
gas_10d_2,12534373,gas,12.534373
gas_10d_3,16625011,gas,16.625011
gas_10d_4,15917815,gas,15.917815
gas_10d_5,16451503,gas,16.451503
gas_10d_6,14055363,gas,14.055363
gas_2w_1,13731575,gas,13.731575
gas_2w_2,14421702,gas,14.421702
gas_2w_3,14134091,gas,14.134091
gas_2w_4,17013372,gas,17.013372
gas_2w_5,14144011,gas,14.144011
gas_2w_6,14685938,gas,14.685938
gas_3w_1,16543204,gas,16.543204
gas_3w_2,15959412,gas,15.959412
gas_3w_3,11872869,gas,11.872869
gas_3w_4,13989096,gas,13.989096
gas_3w_5,15682431,gas,15.682431
gas_3w_6,11956345,gas,11.956345
gas_4w_1,14891196,gas,14.891196
gas_4w_2,13899613,gas,13.899613
gas_4w_3,15316910,gas,15.31691
gas_4w_4,14128532,gas,14.128532
gas_4w_5,15417864,gas,15.417864
gas_4w_6,12674743,gas,12.674743
gas_5w_1,15716487,gas,15.716487
gas_5w_2,15213451,gas,15.213451
gas_5w_3,16268435,gas,16.268435
gas_5w_4,13993656,gas,13.993656
gas_5w_5,14806124,gas,14.806124
gas_5w_6,14252902,gas,14.252902
gas_6w_1,14805882,gas,14.805882
gas_6w_2,16789955,gas,16.789955
gas_6w_3,12635820,gas,12.63582
gas_6w_4,12213781,gas,12.213781
gas_6w_5,13537610,gas,13.53761
gas_6w_6,15217987,gas,15.217987
gas_7w_1,15301746,gas,15.301746
gas_7w_2,12910868,gas,12.910868
gas_7w_3,16868268,gas,16.868268
gas_7w_4,13902190,gas,13.90219
gas_7w_5,14674768,gas,14.674768
gas_7w_6,14465560,gas,14.46556
gas_8w_1,14589630,gas,14.58963
gas_8w_2,14809119,gas,14.809119
gas_8w_3,14682380,gas,14.68238
gas_8w_4,13121579,gas,13.121579
gas_8w_5,16042902,gas,16.042902
gas_8w_6,16930414,gas,16.930414
gas_10w_1,16507521,gas,16.507521
gas_10w_2,13973182,gas,13.973182
gas_10w_3,15573743,gas,15.573743
gas_10w_4,8553245,gas,8.553245
gas_10w_5,15412586,gas,15.412586
gas_10w_6,12790811,gas,12.790811
gas_12w_1,19036581,gas,19.036581
gas_12w_2,13532861,gas,13.532861
gas_12w_3,13861312,gas,13.861312
gas_12w_4,14435894,gas,14.435894
gas_12w_5,13603072,gas,13.603072
gas_12w_6,15336255,gas,15.336255
hipp_0d_1,15538294,hipp,15.538294
hipp_0d_2,12983393,hipp,12.983393
hipp_0d_3,12063134,hipp,12.063134
hipp_0d_4,13745256,hipp,13.745256
hipp_0d_5,16548546,hipp,16.548546
hipp_0d_6,17248161,hipp,17.248161
hipp_1d_1,12733544,hipp,12.733544
hipp_1d_2,14138255,hipp,14.138255
hipp_1d_3,17348086,hipp,17.348086
hipp_1d_4,11551014,hipp,11.551014
hipp_1d_5,12970085,hipp,12.970085
hipp_1d_6,15921204,hipp,15.921204
hipp_3d_1,17072055,hipp,17.072055
hipp_3d_2,14071745,hipp,14.071745
hipp_3d_3,11961413,hipp,11.961413
hipp_3d_4,12320224,hipp,12.320224
hipp_3d_5,12207114,hipp,12.207114
hipp_3d_6,14994628,hipp,14.994628
hipp_1w_1,13867702,hipp,13.867702
hipp_1w_2,17423597,hipp,17.423597
hipp_1w_3,14035567,hipp,14.035567
hipp_1w_4,11728561,hipp,11.728561
hipp_1w_5,12321807,hipp,12.321807
hipp_1w_6,11509361,hipp,11.509361
hipp_10d_1,11607945,hipp,11.607945
hipp_10d_2,10646556,hipp,10.646556
hipp_10d_3,13633109,hipp,13.633109
hipp_10d_4,13969769,hipp,13.969769
hipp_10d_5,15506572,hipp,15.506572
hipp_10d_6,13305370,hipp,13.30537
hipp_2w_1,15797954,hipp,15.797954
hipp_2w_2,12595439,hipp,12.595439
hipp_2w_3,15837457,hipp,15.837457
hipp_2w_4,14664650,hipp,14.66465
hipp_2w_5,15977045,hipp,15.977045
hipp_2w_6,13319872,hipp,13.319872
hipp_3w_1,13650524,hipp,13.650524
hipp_3w_2,11015223,hipp,11.015223
hipp_3w_3,13134184,hipp,13.134184
hipp_3w_4,15284869,hipp,15.284869
hipp_3w_5,12085980,hipp,12.08598
hipp_3w_6,10847780,hipp,10.84778
hipp_4w_1,13400669,hipp,13.400669
hipp_4w_2,13598395,hipp,13.598395
hipp_4w_3,13088063,hipp,13.088063
hipp_4w_4,12618126,hipp,12.618126
hipp_4w_5,12274697,hipp,12.274697
hipp_4w_6,12476064,hipp,12.476064
hipp_5w_1,12478816,hipp,12.478816
hipp_5w_2,13303853,hipp,13.303853
hipp_5w_3,13694951,hipp,13.694951
hipp_5w_4,14197285,hipp,14.197285
hipp_5w_5,13870334,hipp,13.870334
hipp_5w_6,11725429,hipp,11.725429
hipp_6w_1,14495641,hipp,14.495641
hipp_6w_2,15114013,hipp,15.114013
hipp_6w_3,16153333,hipp,16.153333
hipp_6w_4,14095979,hipp,14.095979
hipp_6w_5,15571409,hipp,15.571409
hipp_6w_6,14163670,hipp,14.16367
hipp_7w_1,13981517,hipp,13.981517
hipp_7w_2,13242978,hipp,13.242978
hipp_7w_3,12617939,hipp,12.617939
hipp_7w_4,12053956,hipp,12.053956
hipp_7w_5,13355950,hipp,13.35595
hipp_7w_6,14710295,hipp,14.710295
hipp_8w_1,13897809,hipp,13.897809
hipp_8w_2,14589937,hipp,14.589937
hipp_8w_3,15497316,hipp,15.497316
hipp_8w_4,12673116,hipp,12.673116
hipp_8w_5,14429712,hipp,14.429712
hipp_8w_6,14677165,hipp,14.677165
hipp_10w_1,15482942,hipp,15.482942
hipp_10w_2,14698302,hipp,14.698302
hipp_10w_3,12523754,hipp,12.523754
hipp_10w_4,14499737,hipp,14.499737
hipp_10w_5,12733805,hipp,12.733805
hipp_10w_6,13066395,hipp,13.066395
hipp_12w_1,13173324,hipp,13.173324
hipp_12w_2,13024075,hipp,13.024075
hipp_12w_3,13341502,hipp,13.341502
hipp_12w_4,13022660,hipp,13.02266
hipp_12w_5,11372084,hipp,11.372084
hipp_12w_6,13705117,hipp,13.705117
hypo_0d_1,12720887,hypo,12.720887
hypo_0d_2,12742322,hypo,12.742322
hypo_0d_3,12245399,hypo,12.245399
hypo_0d_4,12828469,hypo,12.828469
hypo_0d_5,13923165,hypo,13.923165
hypo_0d_6,14653277,hypo,14.653277
hypo_1d_1,12123362,hypo,12.123362
hypo_1d_2,13874049,hypo,13.874049
hypo_1d_3,13377356,hypo,13.377356
hypo_1d_4,15332092,hypo,15.332092
hypo_1d_5,15387478,hypo,15.387478
hypo_1d_6,12696161,hypo,12.696161
hypo_3d_1,13856160,hypo,13.85616
hypo_3d_2,16662766,hypo,16.662766
hypo_3d_3,12706656,hypo,12.706656
hypo_3d_4,13697895,hypo,13.697895
hypo_3d_5,10990423,hypo,10.990423
hypo_3d_6,15638111,hypo,15.638111
hypo_1w_1,15204132,hypo,15.204132
hypo_1w_2,13590448,hypo,13.590448
hypo_1w_3,12895468,hypo,12.895468
hypo_1w_4,13422388,hypo,13.422388
hypo_1w_5,11685468,hypo,11.685468
hypo_1w_6,12679254,hypo,12.679254
hypo_10d_1,12088845,hypo,12.088845
hypo_10d_2,12898281,hypo,12.898281
hypo_10d_3,11215788,hypo,11.215788
hypo_10d_4,10640924,hypo,10.640924
hypo_10d_5,10604499,hypo,10.604499
hypo_10d_6,12783181,hypo,12.783181
hypo_2w_1,11657923,hypo,11.657923
hypo_2w_2,14903965,hypo,14.903965
hypo_2w_3,11947264,hypo,11.947264
hypo_2w_4,14751003,hypo,14.751003
hypo_2w_5,13230999,hypo,13.230999
hypo_2w_6,13718399,hypo,13.718399
hypo_3w_1,13339209,hypo,13.339209
hypo_3w_2,16128932,hypo,16.128932
hypo_3w_3,11857931,hypo,11.857931
hypo_3w_4,13689634,hypo,13.689634
hypo_3w_5,14247371,hypo,14.247371
hypo_3w_6,16696016,hypo,16.696016
hypo_4w_1,12560340,hypo,12.56034
hypo_4w_2,13019837,hypo,13.019837
hypo_4w_3,12019192,hypo,12.019192
hypo_4w_4,15494002,hypo,15.494002
hypo_4w_5,13509393,hypo,13.509393
hypo_4w_6,11828160,hypo,11.82816
hypo_5w_1,12408672,hypo,12.408672
hypo_5w_2,13951184,hypo,13.951184
hypo_5w_3,15590368,hypo,15.590368
hypo_5w_4,12977044,hypo,12.977044
hypo_5w_5,14790470,hypo,14.79047
hypo_5w_6,15798665,hypo,15.798665
hypo_6w_1,14651315,hypo,14.651315
hypo_6w_2,12142492,hypo,12.142492
hypo_6w_3,12722864,hypo,12.722864
hypo_6w_4,13492406,hypo,13.492406
hypo_6w_5,11690672,hypo,11.690672
hypo_6w_6,11534812,hypo,11.534812
hypo_7w_1,11008089,hypo,11.008089
hypo_7w_2,15585616,hypo,15.585616
hypo_7w_3,12800571,hypo,12.800571
hypo_7w_4,13102600,hypo,13.1026
hypo_7w_5,12202049,hypo,12.202049
hypo_7w_6,11213157,hypo,11.213157
hypo_8w_1,14436869,hypo,14.436869
hypo_8w_2,14720387,hypo,14.720387
hypo_8w_3,12680890,hypo,12.68089
hypo_8w_4,14111006,hypo,14.111006
hypo_8w_5,13241688,hypo,13.241688
hypo_8w_6,13518738,hypo,13.518738
hypo_10w_1,11959766,hypo,11.959766
hypo_10w_2,11619744,hypo,11.619744
hypo_10w_3,12166354,hypo,12.166354
hypo_10w_4,11767882,hypo,11.767882
hypo_10w_5,13509873,hypo,13.509873
hypo_10w_6,13192455,hypo,13.192455
hypo_12w_1,13110415,hypo,13.110415
hypo_12w_2,14161445,hypo,14.161445
hypo_12w_3,15549949,hypo,15.549949
hypo_12w_4,12506253,hypo,12.506253
hypo_12w_5,13319257,hypo,13.319257
hypo_12w_6,14984329,hypo,14.984329
iwat_0d_1,11078366,iwat,11.078366
iwat_0d_2,12810259,iwat,12.810259
iwat_0d_3,14684973,iwat,14.684973
iwat_0d_4,16494040,iwat,16.49404
iwat_0d_5,16278393,iwat,16.278393
iwat_0d_6,13879377,iwat,13.879377
iwat_1d_1,14764635,iwat,14.764635
iwat_1d_2,14862001,iwat,14.862001
iwat_1d_3,13504166,iwat,13.504166
iwat_1d_4,17538957,iwat,17.538957
iwat_1d_5,12699549,iwat,12.699549
iwat_1d_6,14626199,iwat,14.626199
iwat_3d_1,17501890,iwat,17.50189
iwat_3d_2,11955533,iwat,11.955533
iwat_3d_3,13451970,iwat,13.45197
iwat_3d_4,16556275,iwat,16.556275
iwat_3d_5,12918955,iwat,12.918955
iwat_3d_6,15250729,iwat,15.250729
iwat_1w_1,17399886,iwat,17.399886
iwat_1w_2,12738202,iwat,12.738202
iwat_1w_3,16097222,iwat,16.097222
iwat_1w_4,12134702,iwat,12.134702
iwat_1w_5,14204343,iwat,14.204343
iwat_1w_6,16544715,iwat,16.544715
iwat_10d_1,11942271,iwat,11.942271
iwat_10d_2,14562031,iwat,14.562031
iwat_10d_3,21626641,iwat,21.626641
iwat_10d_4,14981240,iwat,14.98124
iwat_10d_5,14486447,iwat,14.486447
iwat_10d_6,11907773,iwat,11.907773
iwat_2w_1,15466156,iwat,15.466156
iwat_2w_2,14596286,iwat,14.596286
iwat_2w_3,20387750,iwat,20.38775
iwat_2w_4,14208722,iwat,14.208722
iwat_2w_5,15786210,iwat,15.78621
iwat_2w_6,16880577,iwat,16.880577
iwat_3w_1,13749284,iwat,13.749284
iwat_3w_2,14737252,iwat,14.737252
iwat_3w_3,15981434,iwat,15.981434
iwat_3w_4,12131397,iwat,12.131397
iwat_3w_5,15954141,iwat,15.954141
iwat_3w_6,11797695,iwat,11.797695
iwat_4w_1,14957932,iwat,14.957932
iwat_4w_2,15981729,iwat,15.981729
iwat_4w_3,15652868,iwat,15.652868
iwat_4w_4,14354166,iwat,14.354166
iwat_4w_5,13222322,iwat,13.222322
iwat_4w_6,14270530,iwat,14.27053
iwat_5w_1,17025323,iwat,17.025323
iwat_5w_2,14103576,iwat,14.103576
iwat_5w_3,11883094,iwat,11.883094
iwat_5w_4,12506191,iwat,12.506191
iwat_5w_5,11356270,iwat,11.35627
iwat_5w_6,13121272,iwat,13.121272
iwat_6w_1,15478255,iwat,15.478255
iwat_6w_2,12198163,iwat,12.198163
iwat_6w_3,11092474,iwat,11.092474
iwat_6w_4,11846611,iwat,11.846611
iwat_6w_5,12910133,iwat,12.910133
iwat_6w_6,11555554,iwat,11.555554
iwat_7w_1,12616671,iwat,12.616671
iwat_7w_2,11026460,iwat,11.02646
iwat_7w_3,12509607,iwat,12.509607
iwat_7w_4,12852064,iwat,12.852064
iwat_7w_5,12406387,iwat,12.406387
iwat_7w_6,13933847,iwat,13.933847
iwat_8w_1,12002399,iwat,12.002399
iwat_8w_2,12581981,iwat,12.581981
iwat_8w_3,11661164,iwat,11.661164
iwat_8w_4,12259260,iwat,12.25926
iwat_8w_5,14966882,iwat,14.966882
iwat_8w_6,16564626,iwat,16.564626
iwat_10w_1,12450794,iwat,12.450794
iwat_10w_2,14540140,iwat,14.54014
iwat_10w_3,11590540,iwat,11.59054
iwat_10w_4,11686239,iwat,11.686239
iwat_10w_5,14893770,iwat,14.89377
iwat_10w_6,11744530,iwat,11.74453
iwat_12w_1,14263464,iwat,14.263464
iwat_12w_2,13904623,iwat,13.904623
iwat_12w_3,12904988,iwat,12.904988
iwat_12w_4,14350617,iwat,14.350617
iwat_12w_5,11691482,iwat,11.691482
iwat_12w_6,13445176,iwat,13.445176
liver_0d_1,11865408,liver,11.865408
liver_0d_2,10138424,liver,10.138424
liver_0d_3,14330068,liver,14.330068
liver_0d_4,12968873,liver,12.968873
liver_0d_5,10928048,liver,10.928048
liver_0d_6,11917444,liver,11.917444
liver_1d_1,13102723,liver,13.102723
liver_1d_2,10363323,liver,10.363323
liver_1d_3,12062398,liver,12.062398
liver_1d_4,12825204,liver,12.825204
liver_1d_5,10763296,liver,10.763296
liver_1d_6,10886873,liver,10.886873
liver_3d_1,13026516,liver,13.026516
liver_3d_2,9980872,liver,9.980872
liver_3d_3,12016412,liver,12.016412
liver_3d_4,10669665,liver,10.669665
liver_3d_5,10008354,liver,10.008354
liver_3d_6,12937391,liver,12.937391
liver_1w_1,13273605,liver,13.273605
liver_1w_2,12892588,liver,12.892588
liver_1w_3,9852150,liver,9.85215
liver_1w_4,10248430,liver,10.24843
liver_1w_5,11420943,liver,11.420943
liver_1w_6,10543165,liver,10.543165
liver_10d_1,12379912,liver,12.379912
liver_10d_2,9835902,liver,9.835902
liver_10d_3,11231849,liver,11.231849
liver_10d_4,11809244,liver,11.809244
liver_10d_5,13392317,liver,13.392317
liver_10d_6,10358270,liver,10.35827
liver_2w_1,9964021,liver,9.964021
liver_2w_2,13039056,liver,13.039056
liver_2w_3,12694845,liver,12.694845
liver_2w_4,10338646,liver,10.338646
liver_2w_5,10831805,liver,10.831805
liver_2w_6,11904503,liver,11.904503
liver_3w_1,12407829,liver,12.407829
liver_3w_2,10752791,liver,10.752791
liver_3w_3,11468325,liver,11.468325
liver_3w_4,10037838,liver,10.037838
liver_3w_5,12144154,liver,12.144154
liver_3w_6,13026060,liver,13.02606
liver_4w_1,11201786,liver,11.201786
liver_4w_2,10933534,liver,10.933534
liver_4w_3,12425845,liver,12.425845
liver_4w_4,10201174,liver,10.201174
liver_4w_5,10345088,liver,10.345088
liver_4w_6,10028666,liver,10.028666
liver_5w_1,12504202,liver,12.504202
liver_5w_2,12960755,liver,12.960755
liver_5w_3,10496748,liver,10.496748
liver_5w_4,10904106,liver,10.904106
liver_5w_5,10871430,liver,10.87143
liver_5w_6,10801591,liver,10.801591
liver_6w_1,10949499,liver,10.949499
liver_6w_2,11047905,liver,11.047905
liver_6w_3,9997559,liver,9.997559
liver_6w_4,10390997,liver,10.390997
liver_6w_5,12212929,liver,12.212929
liver_6w_6,12837309,liver,12.837309
liver_7w_1,10407183,liver,10.407183
liver_7w_2,11414417,liver,11.414417
liver_7w_3,11422631,liver,11.422631
liver_7w_4,10932880,liver,10.93288
liver_7w_5,11045187,liver,11.045187
liver_7w_6,12363458,liver,12.363458
liver_8w_1,11247798,liver,11.247798
liver_8w_2,12572084,liver,12.572084
liver_8w_3,15864271,liver,15.864271
liver_8w_4,13371662,liver,13.371662
liver_8w_5,12668000,liver,12.668
liver_8w_6,12394004,liver,12.394004
liver_10w_1,12559421,liver,12.559421
liver_10w_2,11030126,liver,11.030126
liver_10w_3,10925391,liver,10.925391
liver_10w_4,10557063,liver,10.557063
liver_10w_5,13057786,liver,13.057786
liver_10w_6,13347716,liver,13.347716
liver_12w_1,14184246,liver,14.184246
liver_12w_2,10774303,liver,10.774303
liver_12w_3,13537346,liver,13.537346
liver_12w_4,11788430,liver,11.78843
liver_12w_5,10954254,liver,10.954254
liver_12w_6,12990340,liver,12.99034
neo_0d_1,14644767,neo,14.644767
neo_0d_2,12892133,neo,12.892133
neo_0d_3,14866182,neo,14.866182
neo_0d_4,15978113,neo,15.978113
neo_0d_5,15859966,neo,15.859966
neo_0d_6,14957058,neo,14.957058
neo_1d_1,12630899,neo,12.630899
neo_1d_2,12684936,neo,12.684936
neo_1d_3,12132147,neo,12.132147
neo_1d_4,13022147,neo,13.022147
neo_1d_5,14201998,neo,14.201998
neo_1d_6,13724837,neo,13.724837
neo_3d_1,14738031,neo,14.738031
neo_3d_2,13545586,neo,13.545586
neo_3d_3,12570945,neo,12.570945
neo_3d_4,13466330,neo,13.46633
neo_3d_5,14368590,neo,14.36859
neo_3d_6,11176150,neo,11.17615
neo_1w_1,12513437,neo,12.513437
neo_1w_2,12950756,neo,12.950756
neo_1w_3,14925323,neo,14.925323
neo_1w_4,15256481,neo,15.256481
neo_1w_5,13438240,neo,13.43824
neo_1w_6,14565462,neo,14.565462
neo_10d_1,11811786,neo,11.811786
neo_10d_2,14530134,neo,14.530134
neo_10d_3,13609704,neo,13.609704
neo_10d_4,15335731,neo,15.335731
neo_10d_5,13462312,neo,13.462312
neo_10d_6,14460462,neo,14.460462
neo_2w_1,15036602,neo,15.036602
neo_2w_2,13934384,neo,13.934384
neo_2w_3,12900967,neo,12.900967
neo_2w_4,12767388,neo,12.767388
neo_2w_5,14816920,neo,14.81692
neo_2w_6,13721020,neo,13.72102
neo_3w_1,14461529,neo,14.461529
neo_3w_2,13218012,neo,13.218012
neo_3w_3,11075295,neo,11.075295
neo_3w_4,13554984,neo,13.554984
neo_3w_5,13706324,neo,13.706324
neo_3w_6,12474969,neo,12.474969
neo_4w_1,13558216,neo,13.558216
neo_4w_2,14160702,neo,14.160702
neo_4w_3,11514446,neo,11.514446
neo_4w_4,13728954,neo,13.728954
neo_4w_5,13511993,neo,13.511993
neo_4w_6,16074664,neo,16.074664
neo_5w_1,13366054,neo,13.366054
neo_5w_2,13443695,neo,13.443695
neo_5w_3,13559646,neo,13.559646
neo_5w_4,15193676,neo,15.193676
neo_5w_5,12951244,neo,12.951244
neo_5w_6,13904444,neo,13.904444
neo_6w_1,11899842,neo,11.899842
neo_6w_2,12418680,neo,12.41868
neo_6w_3,13280483,neo,13.280483
neo_6w_4,13534090,neo,13.53409
neo_6w_5,11948874,neo,11.948874
neo_6w_6,12665940,neo,12.66594
neo_7w_1,14679822,neo,14.679822
neo_7w_2,12237173,neo,12.237173
neo_7w_3,11514235,neo,11.514235
neo_7w_4,15403796,neo,15.403796
neo_7w_5,13426660,neo,13.42666
neo_7w_6,13206938,neo,13.206938
neo_8w_1,12552678,neo,12.552678
neo_8w_2,13863839,neo,13.863839
neo_8w_3,13112754,neo,13.112754
neo_8w_4,12744250,neo,12.74425
neo_8w_5,15501072,neo,15.501072
neo_8w_6,14919308,neo,14.919308
neo_10w_1,14466937,neo,14.466937
neo_10w_2,15667052,neo,15.667052
neo_10w_3,15173346,neo,15.173346
neo_10w_4,14092596,neo,14.092596
neo_10w_5,11060473,neo,11.060473
neo_10w_6,12237247,neo,12.237247
neo_12w_1,11877870,neo,11.87787
neo_12w_2,12983158,neo,12.983158
neo_12w_3,15285202,neo,15.285202
neo_12w_4,13344926,neo,13.344926
neo_12w_5,13673339,neo,13.673339
neo_12w_6,14102501,neo,14.102501
olf_0d_1,17405352,olf,17.405352
olf_0d_2,14157119,olf,14.157119
olf_0d_3,12025568,olf,12.025568
olf_0d_4,15477481,olf,15.477481
olf_0d_5,20875631,olf,20.875631
olf_0d_6,14758088,olf,14.758088
olf_1d_1,15093216,olf,15.093216
olf_1d_2,14434532,olf,14.434532
olf_1d_3,14639510,olf,14.63951
olf_1d_4,14303077,olf,14.303077
olf_1d_5,16098430,olf,16.09843
olf_1d_6,12232563,olf,12.232563
olf_3d_1,12932449,olf,12.932449
olf_3d_2,11539606,olf,11.539606
olf_3d_3,13432272,olf,13.432272
olf_3d_4,14438058,olf,14.438058
olf_3d_5,12829639,olf,12.829639
olf_3d_6,14806423,olf,14.806423
olf_1w_1,20839679,olf,20.839679
olf_1w_2,11295596,olf,11.295596
olf_1w_3,15011017,olf,15.011017
olf_1w_4,14398588,olf,14.398588
olf_1w_5,13172504,olf,13.172504
olf_1w_6,15189911,olf,15.189911
olf_10d_1,14467923,olf,14.467923
olf_10d_2,15564884,olf,15.564884
olf_10d_3,15970854,olf,15.970854
olf_10d_4,13029515,olf,13.029515
olf_10d_5,15234300,olf,15.2343
olf_10d_6,12909255,olf,12.909255
olf_2w_1,14109599,olf,14.109599
olf_2w_2,13656515,olf,13.656515
olf_2w_3,13890440,olf,13.89044
olf_2w_4,13926314,olf,13.926314
olf_2w_5,12820221,olf,12.820221
olf_2w_6,17704078,olf,17.704078
olf_3w_1,15391886,olf,15.391886
olf_3w_2,19338399,olf,19.338399
olf_3w_3,12962459,olf,12.962459
olf_3w_4,13396688,olf,13.396688
olf_3w_5,13411402,olf,13.411402
olf_3w_6,15250197,olf,15.250197
olf_4w_1,18327536,olf,18.327536
olf_4w_2,12556771,olf,12.556771
olf_4w_3,12097753,olf,12.097753
olf_4w_4,14993028,olf,14.993028
olf_4w_5,14915428,olf,14.915428
olf_4w_6,16129694,olf,16.129694
olf_5w_1,15480536,olf,15.480536
olf_5w_2,17686362,olf,17.686362
olf_5w_3,13315234,olf,13.315234
olf_5w_4,15049596,olf,15.049596
olf_5w_5,12825556,olf,12.825556
olf_5w_6,11882934,olf,11.882934
olf_6w_1,17785620,olf,17.78562
olf_6w_2,15825600,olf,15.8256
olf_6w_3,13095222,olf,13.095222
olf_6w_4,11556663,olf,11.556663
olf_6w_5,12655346,olf,12.655346
olf_6w_6,11671945,olf,11.671945
olf_7w_1,13948217,olf,13.948217
olf_7w_2,10532464,olf,10.532464
olf_7w_3,13225050,olf,13.22505
olf_7w_4,11306673,olf,11.306673
olf_7w_5,11207074,olf,11.207074
olf_7w_6,14876053,olf,14.876053
olf_8w_1,15019293,olf,15.019293
olf_8w_2,12281236,olf,12.281236
olf_8w_3,13650053,olf,13.650053
olf_8w_4,14598414,olf,14.598414
olf_8w_5,12611708,olf,12.611708
olf_8w_6,11982192,olf,11.982192
olf_10w_1,12238180,olf,12.23818
olf_10w_2,14215994,olf,14.215994
olf_10w_3,13100044,olf,13.100044
olf_10w_4,11114948,olf,11.114948
olf_10w_5,15821454,olf,15.821454
olf_10w_6,11485325,olf,11.485325
olf_12w_1,12727538,olf,12.727538
olf_12w_2,12980123,olf,12.980123
olf_12w_3,14405021,olf,14.405021
olf_12w_4,11791281,olf,11.791281
olf_12w_5,14511355,olf,14.511355
olf_12w_6,13844661,olf,13.844661
panc_0d_1,11064718,panc,11.064718
panc_0d_2,10465069,panc,10.465069
panc_0d_3,11286042,panc,11.286042
panc_0d_4,8462811,panc,8.462811
panc_0d_5,9835023,panc,9.835023
panc_0d_6,9585218,panc,9.585218
panc_1d_1,8861976,panc,8.861976
panc_1d_2,8342087,panc,8.342087
panc_1d_3,9071832,panc,9.071832
panc_1d_4,10343686,panc,10.343686
panc_1d_5,11443034,panc,11.443034
panc_1d_6,9822505,panc,9.822505
panc_3d_1,10183198,panc,10.183198
panc_3d_2,9389979,panc,9.389979
panc_3d_3,9158638,panc,9.158638
panc_3d_4,10162775,panc,10.162775
panc_3d_5,9522383,panc,9.522383
panc_3d_6,9971062,panc,9.971062
panc_1w_1,8133590,panc,8.13359
panc_1w_2,9296214,panc,9.296214
panc_1w_3,9040701,panc,9.040701
panc_1w_4,10467011,panc,10.467011
panc_1w_5,9100189,panc,9.100189
panc_1w_6,7670532,panc,7.670532
panc_10d_1,8975654,panc,8.975654
panc_10d_2,10455916,panc,10.455916
panc_10d_3,8615512,panc,8.615512
panc_10d_4,9208453,panc,9.208453
panc_10d_5,8034295,panc,8.034295
panc_10d_6,10041122,panc,10.041122
panc_2w_1,8260355,panc,8.260355
panc_2w_2,9784802,panc,9.784802
panc_2w_3,10572868,panc,10.572868
panc_2w_4,10297130,panc,10.29713
panc_2w_5,8225444,panc,8.225444
panc_2w_6,9008571,panc,9.008571
panc_3w_1,8474880,panc,8.47488
panc_3w_2,9860131,panc,9.860131
panc_3w_3,8776537,panc,8.776537
panc_3w_4,8782704,panc,8.782704
panc_3w_5,8681912,panc,8.681912
panc_3w_6,9005566,panc,9.005566
panc_4w_1,7811606,panc,7.811606
panc_4w_2,10736829,panc,10.736829
panc_4w_3,7825968,panc,7.825968
panc_4w_4,9862351,panc,9.862351
panc_4w_5,8826403,panc,8.826403
panc_4w_6,9827097,panc,9.827097
panc_5w_1,9542510,panc,9.54251
panc_5w_2,10602933,panc,10.602933
panc_5w_3,7871678,panc,7.871678
panc_5w_4,10588292,panc,10.588292
panc_5w_5,9362230,panc,9.36223
panc_5w_6,8578438,panc,8.578438
panc_6w_1,9227075,panc,9.227075
panc_6w_2,8588220,panc,8.58822
panc_6w_3,9301537,panc,9.301537
panc_6w_4,8258302,panc,8.258302
panc_6w_5,10619065,panc,10.619065
panc_6w_6,9194437,panc,9.194437
panc_7w_1,9668699,panc,9.668699
panc_7w_2,8539946,panc,8.539946
panc_7w_3,8522623,panc,8.522623
panc_7w_4,9669428,panc,9.669428
panc_7w_5,8674442,panc,8.674442
panc_7w_6,8561719,panc,8.561719
panc_8w_1,9953045,panc,9.953045
panc_8w_2,8257806,panc,8.257806
panc_8w_3,10169347,panc,10.169347
panc_8w_4,10720831,panc,10.720831
panc_8w_5,10347870,panc,10.34787
panc_8w_6,9624867,panc,9.624867
panc_10w_1,9012353,panc,9.012353
panc_10w_2,10813841,panc,10.813841
panc_10w_3,8251789,panc,8.251789
panc_10w_4,9493755,panc,9.493755
panc_10w_5,9904741,panc,9.904741
panc_10w_6,8411637,panc,8.411637
panc_12w_1,10165148,panc,10.165148
panc_12w_2,9047427,panc,9.047427
panc_12w_3,9679597,panc,9.679597
panc_12w_4,10982678,panc,10.982678
panc_12w_5,11253361,panc,11.253361
panc_12w_6,9068077,panc,9.068077
pit_0d_1,14876288,pit,14.876288
pit_0d_2,16014525,pit,16.014525
pit_0d_3,15278904,pit,15.278904
pit_0d_4,15596312,pit,15.596312
pit_0d_5,15147140,pit,15.14714
pit_0d_6,15290052,pit,15.290052
pit_1d_1,16213198,pit,16.213198
pit_1d_2,16324034,pit,16.324034
pit_1d_3,14414353,pit,14.414353
pit_1d_4,17692139,pit,17.692139
pit_1d_5,13146637,pit,13.146637
pit_1d_6,15336790,pit,15.33679
pit_3d_1,16133159,pit,16.133159
pit_3d_2,16151238,pit,16.151238
pit_3d_3,15983195,pit,15.983195
pit_3d_4,15725255,pit,15.725255
pit_3d_5,17949309,pit,17.949309
pit_3d_6,18982536,pit,18.982536
pit_1w_1,16294908,pit,16.294908
pit_1w_2,16330219,pit,16.330219
pit_1w_3,14790676,pit,14.790676
pit_1w_4,14112014,pit,14.112014
pit_1w_5,14153133,pit,14.153133
pit_1w_6,14107658,pit,14.107658
pit_10d_1,14829721,pit,14.829721
pit_10d_2,13788517,pit,13.788517
pit_10d_3,14620703,pit,14.620703
pit_10d_4,13623960,pit,13.62396
pit_10d_5,14793984,pit,14.793984
pit_10d_6,15180512,pit,15.180512
pit_2w_1,15310341,pit,15.310341
pit_2w_2,14554622,pit,14.554622
pit_2w_3,16283379,pit,16.283379
pit_2w_4,15524153,pit,15.524153
pit_2w_5,16670559,pit,16.670559
pit_2w_6,15919388,pit,15.919388
pit_3w_1,14056531,pit,14.056531
pit_3w_2,16797394,pit,16.797394
pit_3w_3,19731933,pit,19.731933
pit_3w_4,15100408,pit,15.100408
pit_3w_5,15874268,pit,15.874268
pit_3w_6,17662911,pit,17.662911
pit_4w_1,15265927,pit,15.265927
pit_4w_2,15719856,pit,15.719856
pit_4w_3,17006417,pit,17.006417
pit_4w_4,16966600,pit,16.9666
pit_4w_5,18898776,pit,18.898776
pit_4w_6,15398301,pit,15.398301
pit_5w_1,15256472,pit,15.256472
pit_5w_2,14440450,pit,14.44045
pit_5w_3,16648100,pit,16.6481
pit_5w_4,17701359,pit,17.701359
pit_5w_5,15764629,pit,15.764629
pit_5w_6,14962468,pit,14.962468
pit_6w_1,16623815,pit,16.623815
pit_6w_2,14895838,pit,14.895838
pit_6w_3,18058583,pit,18.058583
pit_6w_4,14194670,pit,14.19467
pit_6w_5,19730701,pit,19.730701
pit_6w_6,16610606,pit,16.610606
pit_7w_1,14089006,pit,14.089006
pit_7w_2,15109391,pit,15.109391
pit_7w_3,14578890,pit,14.57889
pit_7w_4,12922710,pit,12.92271
pit_7w_5,13444457,pit,13.444457
pit_7w_6,16647740,pit,16.64774
pit_8w_1,13442287,pit,13.442287
pit_8w_2,13956692,pit,13.956692
pit_8w_3,14038884,pit,14.038884
pit_8w_4,13855703,pit,13.855703
pit_8w_5,14346691,pit,14.346691
pit_8w_6,14041284,pit,14.041284
pit_10w_1,14222847,pit,14.222847
pit_10w_2,12977307,pit,12.977307
pit_10w_3,15061188,pit,15.061188
pit_10w_4,14350988,pit,14.350988
pit_10w_5,14533937,pit,14.533937
pit_10w_6,14128036,pit,14.128036
pit_12w_1,14017151,pit,14.017151
pit_12w_2,15810502,pit,15.810502
pit_12w_3,14341323,pit,14.341323
pit_12w_4,15653847,pit,15.653847
pit_12w_5,15882566,pit,15.882566
pit_12w_6,14032674,pit,14.032674
gut_0d_1,10811863,gut,10.811863
gut_0d_2,27036098,gut,27.036098
gut_0d_3,12936346,gut,12.936346
gut_0d_4,11662262,gut,11.662262
gut_0d_5,11635557,gut,11.635557
gut_0d_6,13710478,gut,13.710478
gut_1d_1,12495689,gut,12.495689
gut_1d_2,10532069,gut,10.532069
gut_1d_3,12033566,gut,12.033566
gut_1d_4,11961542,gut,11.961542
gut_1d_5,14318069,gut,14.318069
gut_1d_6,11055454,gut,11.055454
gut_3d_1,13945425,gut,13.945425
gut_3d_2,11960642,gut,11.960642
gut_3d_3,10637013,gut,10.637013
gut_3d_4,11100693,gut,11.100693
gut_3d_5,13610123,gut,13.610123
gut_3d_6,13143428,gut,13.143428
gut_1w_1,12031797,gut,12.031797
gut_1w_2,13106737,gut,13.106737
gut_1w_3,12266821,gut,12.266821
gut_1w_4,11170409,gut,11.170409
gut_1w_5,10782890,gut,10.78289
gut_1w_6,11721882,gut,11.721882
gut_10d_1,12496118,gut,12.496118
gut_10d_2,11073243,gut,11.073243
gut_10d_3,12166857,gut,12.166857
gut_10d_4,18192917,gut,18.192917
gut_10d_5,10815269,gut,10.815269
gut_10d_6,17600636,gut,17.600636
gut_2w_1,12265450,gut,12.26545
gut_2w_2,12752455,gut,12.752455
gut_2w_3,15070198,gut,15.070198
gut_2w_4,12449435,gut,12.449435
gut_2w_5,12419084,gut,12.419084
gut_2w_6,11873069,gut,11.873069
gut_3w_1,12373105,gut,12.373105
gut_3w_2,12271579,gut,12.271579
gut_3w_3,11471294,gut,11.471294
gut_3w_4,12340843,gut,12.340843
gut_3w_5,11676364,gut,11.676364
gut_3w_6,12767154,gut,12.767154
gut_4w_1,12396851,gut,12.396851
gut_4w_2,11684276,gut,11.684276
gut_4w_3,12279835,gut,12.279835
gut_4w_4,14055589,gut,14.055589
gut_4w_5,13186911,gut,13.186911
gut_4w_6,13166909,gut,13.166909
gut_5w_1,12240667,gut,12.240667
gut_5w_2,13917758,gut,13.917758
gut_5w_3,12643325,gut,12.643325
gut_5w_4,14597016,gut,14.597016
gut_5w_5,11802047,gut,11.802047
gut_5w_6,11243794,gut,11.243794
gut_6w_1,12441219,gut,12.441219
gut_6w_2,11058875,gut,11.058875
gut_6w_3,14674195,gut,14.674195
gut_6w_4,13017488,gut,13.017488
gut_6w_5,12746422,gut,12.746422
gut_6w_6,14225622,gut,14.225622
gut_7w_1,13435679,gut,13.435679
gut_7w_2,12813322,gut,12.813322
gut_7w_3,12581261,gut,12.581261
gut_7w_4,11397966,gut,11.397966
gut_7w_5,13572805,gut,13.572805
gut_7w_6,10677680,gut,10.67768
gut_8w_1,11728228,gut,11.728228
gut_8w_2,11087423,gut,11.087423
gut_8w_3,11732631,gut,11.732631
gut_8w_4,12794138,gut,12.794138
gut_8w_5,10568380,gut,10.56838
gut_8w_6,15322704,gut,15.322704
gut_10w_1,11959115,gut,11.959115
gut_10w_2,15423392,gut,15.423392
gut_10w_3,16964107,gut,16.964107
gut_10w_4,16059124,gut,16.059124
gut_10w_5,13511952,gut,13.511952
gut_10w_6,13401717,gut,13.401717
gut_12w_1,13862770,gut,13.86277
gut_12w_2,16069225,gut,16.069225
gut_12w_3,14927705,gut,14.927705
gut_12w_4,15769195,gut,15.769195
gut_12w_5,13983454,gut,13.983454
gut_12w_6,13521796,gut,13.521796
sol_0d_1,9713313,sol,9.713313
sol_0d_2,15112911,sol,15.112911
sol_0d_3,18090110,sol,18.09011
sol_0d_4,13129680,sol,13.12968
sol_0d_5,15753262,sol,15.753262
sol_0d_6,11387303,sol,11.387303
sol_1d_1,14949929,sol,14.949929
sol_1d_2,15969727,sol,15.969727
sol_1d_3,15310828,sol,15.310828
sol_1d_4,15087779,sol,15.087779
sol_1d_5,14256902,sol,14.256902
sol_1d_6,13149422,sol,13.149422
sol_3d_1,13576458,sol,13.576458
sol_3d_2,14535985,sol,14.535985
sol_3d_3,15234674,sol,15.234674
sol_3d_4,10953814,sol,10.953814
sol_3d_5,10872817,sol,10.872817
sol_3d_6,14480466,sol,14.480466
sol_1w_1,16260601,sol,16.260601
sol_1w_2,12922891,sol,12.922891
sol_1w_3,16078951,sol,16.078951
sol_1w_4,13691530,sol,13.69153
sol_1w_5,12284870,sol,12.28487
sol_1w_6,13714715,sol,13.714715
sol_10d_1,15556799,sol,15.556799
sol_10d_2,18341578,sol,18.341578
sol_10d_3,14339331,sol,14.339331
sol_10d_4,13319171,sol,13.319171
sol_10d_5,16381455,sol,16.381455
sol_10d_6,14064437,sol,14.064437
sol_2w_1,14230210,sol,14.23021
sol_2w_2,15975424,sol,15.975424
sol_2w_3,17436909,sol,17.436909
sol_2w_4,14042929,sol,14.042929
sol_2w_5,13192936,sol,13.192936
sol_2w_6,15549860,sol,15.54986
sol_3w_1,14620258,sol,14.620258
sol_3w_2,13023907,sol,13.023907
sol_3w_3,10882487,sol,10.882487
sol_3w_4,11946701,sol,11.946701
sol_3w_5,11653100,sol,11.6531
sol_3w_6,14012894,sol,14.012894
sol_4w_1,13240506,sol,13.240506
sol_4w_2,16495825,sol,16.495825
sol_4w_3,11298734,sol,11.298734
sol_4w_4,12664875,sol,12.664875
sol_4w_5,14392393,sol,14.392393
sol_4w_6,16352439,sol,16.352439
sol_5w_1,13111644,sol,13.111644
sol_5w_2,12578583,sol,12.578583
sol_5w_3,13803562,sol,13.803562
sol_5w_4,14713176,sol,14.713176
sol_5w_5,16376356,sol,16.376356
sol_5w_6,12758483,sol,12.758483
sol_6w_1,16885818,sol,16.885818
sol_6w_2,13293703,sol,13.293703
sol_6w_3,14101423,sol,14.101423
sol_6w_4,9103177,sol,9.103177
sol_6w_5,12613638,sol,12.613638
sol_6w_6,14765176,sol,14.765176
sol_7w_1,9701856,sol,9.701856
sol_7w_2,13331514,sol,13.331514
sol_7w_3,14595317,sol,14.595317
sol_7w_4,13900043,sol,13.900043
sol_7w_5,13213122,sol,13.213122
sol_7w_6,13118039,sol,13.118039
sol_8w_1,13373886,sol,13.373886
sol_8w_2,15286135,sol,15.286135
sol_8w_3,14893667,sol,14.893667
sol_8w_4,16835034,sol,16.835034
sol_8w_5,13258338,sol,13.258338
sol_8w_6,13492224,sol,13.492224
sol_10w_1,12871597,sol,12.871597
sol_10w_2,15174998,sol,15.174998
sol_10w_3,18181452,sol,18.181452
sol_10w_4,10598551,sol,10.598551
sol_10w_5,12949344,sol,12.949344
sol_10w_6,11876999,sol,11.876999
sol_12w_1,13247479,sol,13.247479
sol_12w_2,17179721,sol,17.179721
sol_12w_3,12593553,sol,12.593553
sol_12w_4,16887811,sol,16.887811
sol_12w_5,13962382,sol,13.962382
sol_12w_6,10564875,sol,10.564875
