source,threshold,condition,mouseID,tissue,group,HEX1_median,HEX1_q25,HEX1_q75,PDHm_median,PDHm_q25,PDHm_q75,path_median::Fatty acid uptake & beta-oxidation,path_iqr::Fatty acid uptake & beta-oxidation,path_median::Glutamate/aKG metabolism,path_iqr::Glutamate/aKG metabolism,path_median::Glycolysis,path_iqr::Glycolysis,path_median::Lactate metabolism,path_iqr::Lactate metabolism,path_median::Oxidative phosphorylation,path_iqr::Oxidative phosphorylation,path_median::Pyruvate oxidation,path_iqr::Pyruvate oxidation,path_median::TCA cycle,path_iqr::TCA cycle
GSE305719,5,Gastrocnemius__dia__w9__mouse45,45,Gastrocnemius,dia,0.109339755136058,0.1089875513238746,0.10953970190935,0.0253605520311568,0.0235504229185806,0.0254684626861997,20.65815243873935,10.32847886993703,199.125901056965,10.059110073603591,57.83894380306651,53.05132459017164,358.93123218353423,13.978585555421091,2.457086569601917,0.2004600069525453,131.0057020909734,69.59634830912529,256.02075403279406,42.17320840656086
GSE305719,5,Gastrocnemius__dia__w9__mouse48,48,Gastrocnemius,dia,0.1154047020404665,0.1153113306976815,0.115452906770173,0.0287337659739349,0.0286683762889565,0.0289207310142285,26.451051820915424,17.928687175273918,122.29349491698356,93.51108519876142,70.14988799414314,66.54824121954226,286.5242668330872,212.27162484363225,2.5107608659701457,0.0256520882469173,146.90314784494907,303.28257697268265,274.5641236342152,30.620083111304893
GSE305719,5,Gastrocnemius__dia__w9__mouse55,55,Gastrocnemius,dia,0.1058501264353664,0.1053370383419003,0.107846244130233,0.021869681600437,0.0216922075165837,0.0219168455881342,22.69002560233541,1.6618629064569213,230.27876349368773,7.236854084576151,82.23216408417781,40.26266754087378,367.8990609965452,133.88440416010172,2.322393649017932,0.0815612611812057,183.50052630335333,30.9034261676826,230.92088096683284,94.3183623187067
GSE305719,5,Gastrocnemius__dia__w9__mouse56,56,Gastrocnemius,dia,0.1032443576928344,0.1031235684553678,0.1033571512724469,0.0219824245189318,0.0217235962550595,0.022034829785666,20.946896183298367,2.591628168127471,200.0159767840011,17.228351260710156,81.71206257741247,5.289831513408927,269.1108042826412,9.44438705321818,2.28024832910019,0.0486296692984824,194.69547901062367,49.71901505461014,184.51928466187525,8.399764400435373
GSE305719,5,Gastrocnemius__norm__w9__mouse49,49,Gastrocnemius,norm,0.0959132756987115,0.0943294561281936,0.0961483597921676,0.0291201462112151,0.0286306731664346,0.0296109733183827,27.161985023369677,3.952616751425524,266.9123908583439,16.10623362002559,79.2627626198271,5.803049651857663,255.66401568203125,45.906298152726606,2.1713398105435973,0.0425772229709515,196.66625821123355,16.544708426100527,152.99329979477187,14.0514095728212
GSE305719,5,Gastrocnemius__norm__w9__mouse51,51,Gastrocnemius,norm,0.1107383531057948,0.1105920776482844,0.1107850266778831,0.0172433318429805,0.0170573372702175,0.0173159485962743,12.836019104752124,3.9978118443844313,194.94387850519792,15.11088452198362,75.05256574862045,3.554473364490136,264.08151475442,20.48332881645638,2.2924542184935737,0.123688758028194,84.96858968255515,44.06369518028178,119.62645418401846,18.372051625332404
GSE305719,5,Soleus__dia__w9__mouse45,45,Soleus,dia,0.107976609263705,0.1076158593189871,0.1084006265500356,0.01455906109698,0.0144721946351569,0.0148130227451057,17.874896515545352,1.6973183035148764,114.84264422195456,58.07932944062098,81.92341696249912,18.14796036006632,252.4093773734049,46.73515786563223,2.178618380313293,0.079983127422083,174.15884907786912,112.3836142148384,88.04308664180749,53.71607934570906
GSE305719,5,Soleus__dia__w9__mouse48,48,Soleus,dia,0.1109859001058813,0.1109273293626893,0.1111366409964401,0.0213560671655219,0.0212453030692361,0.0214267338109408,25.83592821334577,22.42957532230655,195.96962536865772,40.50189430703964,77.93743001789579,16.526057629892406,313.6967308642148,154.43997162329373,2.2521644504483938,0.5450857770486093,57.43105770336404,203.05487512956572,200.7350075994972,70.46494359316841
GSE305719,5,Soleus__dia__w9__mouse55,55,Soleus,dia,0.0828406585810634,0.0810611106835842,0.0875167553698442,0.0157131204407637,0.0153418439613412,0.0158426766231555,17.21727277331251,2.0927653314123447,158.92125192995587,44.67372618864272,81.3189572784804,35.36597666420367,205.56070022402253,38.79545222402911,2.3399695157644373,0.1605660723417759,113.7076627824521,57.64618294776426,122.69031729717346,89.86176856016938
GSE305719,5,Soleus__dia__w9__mouse56,56,Soleus,dia,0.1066873543561014,0.106516414462023,0.1069202222114573,0.0020087074663659,0.0018925681821223,0.0022659757435728,30.726318850364542,1.1705780430057224,248.92696789108973,21.356189914085743,81.87967333409237,5.883938556557254,351.26338347419744,35.82139159704798,2.4757853639636336,0.0733370351578988,216.55301884416548,12.756086497630235,330.1871126911438,72.37047195063087
GSE305719,5,Soleus__norm__w9__mouse49,49,Soleus,norm,0.0943485069277671,0.0937695213009342,0.1041090524912663,0.0090703404240774,0.0085515883948327,0.0092977325469857,16.708969388176897,4.997546928016604,159.7879267891461,53.32129324725389,31.529243827714005,23.998848408428536,197.45123866236824,52.92052864050885,2.0030698688592405,0.0990002920972994,120.65853734647678,52.29260751350478,145.79265760781993,185.89726738716527
GSE305719,5,Soleus__norm__w9__mouse51,51,Soleus,norm,0.1093196687009687,0.1090164766878821,0.1094179456323928,0.0267542613040408,0.0266001084803023,0.0268894989912812,21.310093781139663,3.396240493836576,197.2784557974209,16.87558623166109,85.36741713378942,9.240414792787265,287.5138038117732,17.617788801504673,2.293055653024913,0.0194594259803531,219.12627019504905,31.656737511145224,111.7014636005353,20.791586832684416
GSE305719,5,TibialisAnt__dia__w9__mouse45,45,TibialisAnt,dia,0.0960789099845881,0.095605982379056,0.0968824264663258,0.0283843470640949,0.0253713607133091,0.0284544579945754,28.28534413548168,1.1199818462612328,201.7813604002868,79.45318599072692,80.55023986983673,2.1219164553428413,263.1360316784443,37.68407496153975,2.384791501833577,0.0247922203294637,160.222763939668,4.773503696724731,221.96847389451105,48.45031511841973
GSE305719,5,TibialisAnt__dia__w9__mouse48,48,TibialisAnt,dia,0.106521592926485,0.1058690776530685,0.106611842384569,0.0273235151792408,0.027233785387398,0.0273716144307275,22.8350511230838,4.679401575971646,295.7921221107929,79.64699394437238,51.02203568403812,5.283378934025173,356.46968219585506,18.349011887028663,2.3732894147025725,0.1723733186899321,250.66727228455807,19.508222451674957,339.15044816759564,73.2210223267628
GSE305719,5,TibialisAnt__dia__w9__mouse55,55,TibialisAnt,dia,0.1103978185793456,0.1096205458888659,0.1105857105426181,0.0207156408393952,0.0205189448147615,0.0208138028909783,20.05619836615629,3.338403750158633,171.42632542693983,30.162917784338504,69.22155636361796,5.783459735702721,250.90017414168543,25.604936121752303,2.1806609279047544,0.094682974813653,164.8291538116584,17.140984749199475,75.29829735316973,16.848454064692547
GSE305719,5,TibialisAnt__dia__w9__mouse56,56,TibialisAnt,dia,0.0487591802440396,0.0454075051835217,0.0494651655984773,0.0117452398256465,0.0113564062059711,0.0132609286993042,26.45075054419719,1.0060423783587389,197.6892572447578,11.520169863829809,93.59762000990878,32.846823689598764,258.93708386394866,78.39166191496099,2.337938759210993,0.1910605506981975,213.5336219651592,157.1447627926524,184.1089097484028,16.36034106969697
GSE305719,5,TibialisAnt__norm__w9__mouse49,49,TibialisAnt,norm,0.0760642835090498,0.074865765922137,0.0767065342048983,0.0180330696805375,0.0176336954132515,0.0184124917004862,29.011191151626345,3.584554107888785,220.6837281158529,15.192309209067844,77.42749326479343,2.843795947649681,255.7035749022697,42.59978438757676,2.1711799356543127,0.0919267617520223,189.34846160060903,11.21554526561306,191.19996870965863,29.78951796800186
GSE305719,5,TibialisAnt__norm__w9__mouse51,51,TibialisAnt,norm,0.0901490531682178,0.0726885508511768,0.0927573877709595,0.0247308871941191,0.0241521305233651,0.024801079251044,24.005100536040132,1.933909891452899,284.06540017086604,159.11810895153332,67.59332835353679,17.08655137340258,324.152522789139,52.11002620914513,2.1805457755044646,0.6575386980848283,141.13214964988396,139.97833951756655,218.04533787973816,41.80547202774986
GSE305719,10,Gastrocnemius__dia__w9__mouse45,45,Gastrocnemius,dia,0.1061371293612934,0.1061277669202709,0.1061904672281474,0.0256108205217206,0.025581194420995,0.0259947835044849,22.2312726900614,0.30704458607849,268.9314602113851,0.818453622279435,75.40889878631037,1.4162478262388447,299.35968553530535,3.87670425816475,2.512993598724752,0.0344763643009473,66.89937537352023,8.496823195223783,130.11473124341967,1.8890931047334616
GSE305719,10,Gastrocnemius__dia__w9__mouse48,48,Gastrocnemius,dia,0.1167146233114682,0.1166841761049238,0.1167482437033589,0.0272358681616515,0.0271654464276603,0.027314584204182,26.832580085916383,7.700389670631672,148.1060768674163,7.528216579508978,40.989711262719965,15.91030458675882,288.1966162829221,10.868651560473609,2.426528114398294,0.0705823437937547,137.22712033881555,8.67806690511955,312.27857915280924,67.1410345443116
GSE305719,10,Gastrocnemius__dia__w9__mouse55,55,Gastrocnemius,dia,0.1078553616342626,0.1078099156948163,0.1080111246298454,0.0186151494289852,0.0185075597813128,0.0187143966940876,26.90571693480813,0.8946430547686504,210.5451517596649,13.917415930938091,76.11413431439081,9.05731537249632,288.2307111300183,30.44113009206046,2.3170493255135667,0.0449312569079838,209.15901060872267,17.792077730776867,168.30685409483266,21.13786690757766
GSE305719,10,Gastrocnemius__dia__w9__mouse56,56,Gastrocnemius,dia,0.1012594476534872,0.1006566762019005,0.1017614784685971,0.0245871607107943,0.0242624714945469,0.0248910995056187,21.07405026515662,0.8968976390177019,121.34172135628368,39.80538440717723,76.47671760056805,5.5763746105927225,229.03268121079597,21.07431116992308,2.374832427695542,0.0525473246366385,186.26434879190717,22.654208090487373,169.92746075226506,20.78392490865573
GSE305719,10,Gastrocnemius__norm__w9__mouse49,49,Gastrocnemius,norm,0.0988772196286874,0.097593947207001,0.1002112820882062,0.0238785191986906,0.0238616023849366,0.0248525281257605,24.70682187520331,8.406931580056892,150.4693009029542,124.52739504856692,91.76745418833356,85.5127342391676,251.98090793280383,214.3337811482841,2.212932528798053,0.1624438718368406,160.27566061962074,108.87679419183456,145.50315882235662,118.38249668074565
GSE305719,10,Gastrocnemius__norm__w9__mouse51,51,Gastrocnemius,norm,0.1105705587824795,0.1105276876008636,0.1106408909603801,0.0177209318030793,0.0176830416186815,0.0178643223169241,13.781055343609996,1.2269518233260488,218.60835005755223,9.51354151499956,72.75365907403071,6.500904889945829,254.1515893053921,8.8063570672185,2.270152699088773,0.0250099176974814,42.91451840991441,9.479177940213717,100.53926859901898,25.20483793475013
GSE305719,10,Soleus__dia__w9__mouse45,45,Soleus,dia,0.1145601856881737,0.1132720824092481,0.1146788968825331,0.014293336774581,0.0141821628201914,0.0176161702375825,29.69730721337849,4.565347059676753,154.01514642022542,128.78820561352214,94.05073009342708,50.49426586549389,338.64578623018963,120.55296015300758,2.3434795225618315,0.2197188705365604,243.11277912481648,138.1091619811371,246.09709274580172,46.138277218999406
GSE305719,10,Soleus__dia__w9__mouse48,48,Soleus,dia,0.1121019432151528,0.1113224060414963,0.112375637619955,0.021175494111059,0.021097258511071,0.0213720429922473,19.747297312569444,2.041691934977944,213.7342375860713,20.76950625227141,68.34533284495916,9.781125728786648,269.9376328158928,45.1548512165765,2.2657295558751933,0.0209358095467671,185.41733495909116,36.98373059628773,146.41419479604454,19.843730056374117
GSE305719,10,Soleus__dia__w9__mouse55,55,Soleus,dia,0.0722895656756459,0.070293725258728,0.0732736748595535,0.0157786642715379,0.015015805729729,0.0161007865357509,21.62234797649737,5.1495004231327535,144.35938986758958,37.22953785050092,77.31655533613684,12.795064496716194,147.31030040291617,21.356703314344628,2.356611406722028,0.0137163333414651,74.2716916138211,38.28800295642363,128.04735967730886,8.622744858933302
GSE305719,10,Soleus__dia__w9__mouse56,56,Soleus,dia,0.105376709665845,0.1053746996548342,0.1063941867590431,0.003354315578302,0.002859662055468,0.0033583253559269,36.79645152807666,2.3710330947644707,305.4715936165846,0.4452598897212283,84.21971324907119,1.5168622628260664,349.7901147409575,14.007000102489258,2.114739908255315,0.084326669360895,230.1008600393125,4.62049196658802,380.3430707261041,14.51802853553056
GSE305719,10,Soleus__norm__w9__mouse49,49,Soleus,norm,0.0958441673573528,0.0939316433412731,0.0979423696148021,0.0086916065569357,0.0082957582439366,0.0090349355375745,14.83519905553356,1.469852487287234,147.62821273274608,20.459830349855626,44.50270209349613,27.92713079738261,240.2989629880052,64.52682080504243,2.245914796876157,0.1072781201279049,163.58624712212043,35.96153912372881,159.46297876133428,56.21190472122663
GSE305719,10,Soleus__norm__w9__mouse51,51,Soleus,norm,0.1087920955838385,0.1083754262639597,0.108947327570536,0.0295931744382298,0.0272537299148209,0.0299804873023459,20.521120943495237,1.3701015570819806,240.7255276292541,73.19763412707667,105.45174827188754,24.03711761400477,345.2720913247899,33.31301975912919,2.4122384921238726,0.1218328699670232,161.9535054827146,52.13304177812415,207.6471418958772,68.23550447626434
GSE305719,10,TibialisAnt__dia__w9__mouse45,45,TibialisAnt,dia,0.1049140816187498,0.0993465996355061,0.1052485878695483,0.0250688499108766,0.0248185490131106,0.0252160120760771,27.333597450109355,6.1490773101247385,123.761803580558,123.87046401294802,133.77644119334892,9.193572233479074,282.3223645851056,90.52007180034268,1.720879518469328,0.7503801833575929,170.9469761939602,173.03436853947488,178.5789786731195,63.68521206192398
GSE305719,10,TibialisAnt__dia__w9__mouse48,48,TibialisAnt,dia,0.108303904594014,0.1073937741676536,0.1093931181954394,0.0271221638557761,0.0263378688117092,0.0274527697866757,22.28042063251036,20.40706720450641,168.65506024400722,83.52904809088463,81.28803073308364,23.1817111303774,332.53894322941164,194.0276904149137,2.2784817236011623,0.8122667938111057,119.42192781013809,116.42465871339884,236.88128569545,106.9184341194226
GSE305719,10,TibialisAnt__dia__w9__mouse55,55,TibialisAnt,dia,0.1099140009009246,0.1097791841508894,0.1103599005232682,0.020369872256124,0.0202959944200806,0.0204191510347513,21.25328478409208,3.4542767297830856,208.07469985831392,7.196068091546465,66.59644775591008,7.128320918264265,188.1841448004813,26.67350830227059,2.239771890036057,0.1412745759194482,165.66113722753437,35.405359054912,157.21389247904008,22.36543447365301
GSE305719,10,TibialisAnt__dia__w9__mouse56,56,TibialisAnt,dia,0.0566066988459329,0.0551359498441129,0.0642497040190143,0.011287150761408,0.011110009470159,0.0137139873722313,22.58337730290985,4.055369534569209,207.61437429427792,15.68296057040888,78.66782275660537,12.434820299807583,247.69011467727236,7.348468254839076,2.135614717703217,0.3334802658738831,65.81433864157232,52.79732454860776,108.23294707808802,77.97482860986878
GSE305719,10,TibialisAnt__norm__w9__mouse49,49,TibialisAnt,norm,0.0859569636828242,0.076324113294165,0.0911964655637842,0.017131784762241,0.0162189081138231,0.0195937040663171,30.173172896534144,12.30723444590922,254.19239031666663,21.061636362111926,96.78131817249958,15.681031295822848,283.6459216102476,92.81135470456448,2.423140695567318,0.2320368313594896,184.419887738276,60.73778974759233,335.5081195135939,86.57341204349115
GSE305719,10,TibialisAnt__norm__w9__mouse51,51,TibialisAnt,norm,0.0770239412021347,0.0659308595389727,0.0968134762052439,0.0255416097796851,0.0251622330387613,0.0286563379207374,19.09652233949144,9.589743778592322,189.38415052186923,70.93489177473674,79.72222742097685,20.894638846455464,259.28994380042684,100.75860028549226,2.4402819705413457,0.2183794121358575,135.64028119892157,102.1707351815226,96.84098041619768,53.44071908319641
GSE305719,15,Gastrocnemius__dia__w9__mouse45,45,Gastrocnemius,dia,0.1069834243262284,0.1069112606820432,0.1071004434915654,0.0252689430315439,0.0251669865464933,0.0254679918943927,23.14469183856245,3.417007870815844,208.24104181509685,63.77035822531008,95.1087099573119,18.893574765088644,344.0659912819852,61.231893975301205,2.1432872678801336,0.1706513838372507,116.74884468158211,90.3531042700018,188.87568126603756,32.29332946200063
GSE305719,15,Gastrocnemius__dia__w9__mouse48,48,Gastrocnemius,dia,0.1296712957902323,0.1296595436608847,0.1297287976099682,0.0282894515269842,0.0282524470822159,0.0283673886277625,25.43175171492775,2.491385011216426,206.31352014411527,7.423883883598137,48.7239635557717,5.959564487978582,268.7978765387222,5.120334405134656,2.1228096183212446,0.0201360588561789,204.7348840950812,21.237773247690768,255.4756711534887,10.261139327879931
GSE305719,15,Gastrocnemius__dia__w9__mouse55,55,Gastrocnemius,dia,0.1067358418577951,0.1066925126300911,0.1078040826115484,0.0202980968003479,0.0184712412855968,0.020359662013512,25.102381532498946,10.882070843837974,208.335697301438,64.56961172878471,94.17615495739707,17.434088601265515,370.714818509976,40.57205457858083,2.3220182168950565,0.1145409764993785,305.18715555845057,179.70505145904963,240.15208097343023,101.83936615996716
GSE305719,15,Gastrocnemius__dia__w9__mouse56,56,Gastrocnemius,dia,0.1076312102706696,0.1074886363597706,0.1078265004103379,0.0220517406667067,0.0216671190272319,0.0220963959004344,22.713827255450752,2.899090526164354,157.85272210450643,9.399658586001038,113.69538116018104,4.161063444287265,301.67701410606105,18.379777722707782,2.2577109768555035,0.0145139094242483,335.9122808870856,18.451028337490527,122.61619299836596,13.47984261661702
GSE305719,15,Gastrocnemius__norm__w9__mouse49,49,Gastrocnemius,norm,0.0965972932204406,0.0948839136001208,0.0968526234826496,0.0297029653632894,0.0293890826932779,0.0298198585309111,20.978947242600317,1.4139317201194572,150.35136034712752,17.81466322082764,104.22996850622572,6.928907900485967,332.7507330975167,12.931582731842184,2.086662475949628,0.0487697923588177,118.87401155948452,22.98853231936083,158.8389995941834,6.605317884515131
GSE305719,15,Gastrocnemius__norm__w9__mouse51,51,Gastrocnemius,norm,0.1097405074196287,0.109646257249761,0.1099816808681763,0.0182538909132683,0.0180057444649555,0.0183873978929614,13.378879318763651,0.775129413335268,122.9680552735628,70.92975899073349,39.196985836201264,56.86854526146364,154.6752098652754,216.59050671464408,2.448812968169129,0.2067128382514083,35.084658006055726,133.5478723691159,234.78248437352212,142.23105823070895
GSE305719,15,Soleus__dia__w9__mouse45,45,Soleus,dia,0.1073814916023253,0.1068976838456234,0.107454435301246,0.0151885373714111,0.0150451252578034,0.015374513671685,31.4093855473528,5.11140531595143,213.07805600930664,28.184760118438646,84.56422494430637,3.206169696037506,204.16680002722055,16.908122120836936,2.0206676047671097,0.0276588097471117,202.88301100722543,11.281239107674397,175.77496127313083,25.776528088724238
GSE305719,15,Soleus__dia__w9__mouse48,48,Soleus,dia,0.1107748660748967,0.1106526334835807,0.1108019165680137,0.0216547058326928,0.0214607620601827,0.0217541698682865,20.158775123690333,3.3829599774506462,188.84792689063443,51.23453048431654,63.20973617957206,15.639644490927113,345.0204917260173,47.996137458566295,2.2990863658051186,0.1670506809092358,196.8578154901525,36.897361748474765,153.8165109091873,17.40659244943589
GSE305719,15,Soleus__dia__w9__mouse55,55,Soleus,dia,0.0745104195037444,0.0737486983966159,0.0751816493417964,0.0180058972851833,0.0179109701281164,0.018531347636361,13.55663377998046,0.9843127023579648,211.71056463183655,37.38273835952936,65.7034946983922,4.48876316586329,209.39572996821164,9.69755931775947,2.272532809215764,0.0206708409292288,85.46642362789962,10.68677408460684,244.36521339537128,20.539783910721923
GSE305719,15,Soleus__dia__w9__mouse56,56,Soleus,dia,0.1028333601340422,0.1028248047026182,0.1034104860867933,0.0064150258445511,0.0060110368406209,0.0064278806920752,33.650537146023524,2.0439335127121687,189.8535667939078,0.6184386655476999,84.41912191208019,2.9376592257606973,394.8304705896194,28.384389830876785,2.443182120199623,0.0138360560571246,2.205883232950619,3.494636242320872,227.8819040862079,8.700509268439646
GSE305719,15,Soleus__norm__w9__mouse49,49,Soleus,norm,0.0962498381320074,0.0924473888973447,0.0965496646742958,0.0073282410545471,0.0071325928544291,0.0075121422252206,12.180529305599975,5.209880468409354,218.55562487162908,16.762254794239965,48.10096273842246,23.138867572836677,191.85507831432813,18.407670840339023,1.945604814762836,0.1563660262204269,95.9369111061215,21.392084626405406,107.3776078564631,86.35587126054433
GSE305719,15,Soleus__norm__w9__mouse51,51,Soleus,norm,0.1078170488456261,0.1076054165677141,0.1079527026183973,0.0270417020277412,0.0265405106913433,0.0283319736696825,22.35830118350078,3.3258411931400147,230.00644306072505,27.76146537567783,119.53826316934244,12.26653483250658,343.8405204037447,44.69521688156533,2.435981435055396,0.1043910766215674,175.43788523809394,39.78362248452612,172.11863403685152,24.86388660731072
GSE305719,15,TibialisAnt__dia__w9__mouse45,45,TibialisAnt,dia,0.0949572756357383,0.0948787617180644,0.0950217393133064,0.0339634470969854,0.0335452742447454,0.0345569172616104,27.201996268446003,6.388876229583623,166.8103132306685,6.57835199619052,135.96394730509508,8.361224635324447,251.21795814961703,89.24651646137812,1.7957184221804512,0.6498669320636599,143.78660340927928,240.4802366276025,196.621260520869,4.657245868500041
GSE305719,15,TibialisAnt__dia__w9__mouse48,48,TibialisAnt,dia,0.1070027257158804,0.1059376772654895,0.1079014754461016,0.0304699177803844,0.0279769109620094,0.0306490973740251,27.05600173959794,23.17594674618637,153.48443141012757,103.67759863826387,93.03691493265376,21.21072047920495,311.913620584317,184.8057586683267,2.3949706121024024,0.2843239600208367,113.90980942080728,86.26257175684557,343.32133407502323,174.829114110839
GSE305719,15,TibialisAnt__dia__w9__mouse55,55,TibialisAnt,dia,0.1102649365072395,0.1100992189461291,0.1103516630775738,0.0194182152808242,0.0192855025136447,0.0195829730819029,19.08649967376072,1.7417944469794655,138.18489227167814,11.97312077268333,68.13126739422039,3.3770727290718554,283.56583615931044,14.112035373073011,2.3309873960992364,0.0261014021797065,269.6286806817958,27.362219205245708,129.47785999959868,3.982031881795379
GSE305719,15,TibialisAnt__dia__w9__mouse56,56,TibialisAnt,dia,0.0631329746435347,0.0626432074874453,0.0634592592628472,0.0191522568982843,0.0178056698841923,0.0194892496500712,12.043362447465944,0.7931391598812834,205.08095283626872,14.129704317062815,78.23707963675362,4.834482562295364,218.4394088346637,9.43008796995909,2.2133526403618684,0.0904665570645026,62.87077313403939,18.387577262289227,152.05366942677298,35.68837514282413
GSE305719,15,TibialisAnt__norm__w9__mouse49,49,TibialisAnt,norm,0.0956176270251475,0.0742426361018402,0.0957897248337199,0.0155010193706979,0.0154984177545784,0.016243474761266,29.61629711534077,8.097298912732942,250.0219242257697,19.900815003886407,46.00776101092282,37.90933114356783,87.48540544124225,194.80225808926116,2.336574057271383,0.074953227320889,183.48467356901745,31.68926901491289,381.5340386221321,125.81281795499687
GSE305719,15,TibialisAnt__norm__w9__mouse51,51,TibialisAnt,norm,0.0778905402184451,0.0744873417677885,0.0786269091104538,0.0244727357570109,0.0240405374360563,0.0247627754934714,17.75544445707458,8.334291113941036,188.60273667069816,141.5526633234005,76.81754824929044,3.630790073666006,183.86784649525515,27.181466267190785,2.1233451416644247,0.2655625298889823,143.52991615775375,26.281545714819917,218.17128849154844,122.02263112370711
GSE305719,20,Gastrocnemius__dia__w9__mouse45,45,Gastrocnemius,dia,0.10669601440643,0.106420384209963,0.107297186119252,0.0255724905403443,0.0254829027535076,0.0256531348097588,18.95104154729518,7.891026212203268,270.7663374722433,186.50838996893845,103.69518484712022,91.549140148068,262.9418233965944,212.6733700555765,2.300340231856622,0.2618724711886755,39.98569145482237,12.92849356102322,95.0405159921497,53.19587801022347
GSE305719,20,Gastrocnemius__dia__w9__mouse48,48,Gastrocnemius,dia,0.1164430828647755,0.116399343986293,0.1164944283567231,0.0274403097333859,0.0273847900019473,0.0274833303178134,19.49146689638596,0.9613116936323004,253.4719690906116,15.70726349489388,63.98585795104604,7.689707279414009,279.41388074124853,21.97372114998421,2.2897405100602235,0.0121822404157456,202.5984772451096,6.286748133284107,230.83617789838797,26.194002625653127
GSE305719,20,Gastrocnemius__dia__w9__mouse55,55,Gastrocnemius,dia,0.1047832121146959,0.1034677098623873,0.1050700484379221,0.021220271837547,0.0211904874613331,0.0213989717787888,24.053438390858503,0.8544916980889958,250.9879725614459,38.21577680114257,124.5325445673775,8.086185380366686,319.29969743493643,31.21717594382966,2.019579681496304,0.0119028542772601,9.72091237092526,11.622153897271616,171.40786030941024,33.4889160565759
GSE305719,20,Gastrocnemius__dia__w9__mouse56,56,Gastrocnemius,dia,0.1032378110710475,0.1027232724251246,0.1034498215116292,0.0224299133845547,0.0223482362139917,0.0225007884596349,24.47796600329836,2.201884617351279,159.7117063797362,4.930745686160577,96.20047670996416,4.592047110571556,236.0022093655642,11.636051319712294,1.897659617872348,0.0135609196886612,129.03471442191702,20.15706482741703,158.5631508401138,5.965092917529944
GSE305719,20,Gastrocnemius__norm__w9__mouse49,49,Gastrocnemius,norm,0.0962452355006717,0.0946327215932623,0.0965579050268679,0.0293297140632597,0.0289151736460567,0.0297742947638453,20.716137190959152,1.1797367577856832,241.28309350233556,22.40405634589104,133.96342449703923,4.730758285636625,218.51862955620328,18.376803804059904,2.06430435201229,0.0440532517981329,138.99485951076628,32.400023685047586,157.72394643334238,29.38809631588657
GSE305719,20,Gastrocnemius__norm__w9__mouse51,51,Gastrocnemius,norm,0.110709576006958,0.1106252784172225,0.1107906134832668,0.0171880203774065,0.0170724187865401,0.0179252439824361,16.206987538113257,6.515153970109406,210.57914651407884,8.46552488772437,111.97446602511572,16.57840458061827,189.34031233811297,43.22755837422466,2.21675419946199,0.0354621330215931,183.21890176475912,91.46866650076538,99.1857682923996,28.08268768104736
GSE305719,20,Soleus__dia__w9__mouse45,45,Soleus,dia,0.1084405677869589,0.1075581555724834,0.1085789699950456,0.0139249941630689,0.0128497211811131,0.0156766032520845,23.635223773893003,11.834912850825624,234.59147854035484,63.86644377708126,106.16532301709148,52.850524405036026,326.0108475702708,89.53077763625112,2.352706232452169,0.2587501221025254,251.82833080950908,54.79353297329845,209.16965787253224,107.91321014643478
GSE305719,20,Soleus__dia__w9__mouse48,48,Soleus,dia,0.1126726752673756,0.1124652517369699,0.1128836408165382,0.0212431515055203,0.0211366342932194,0.0212943516533831,16.607982770602106,1.9968643693761765,232.51611010426464,10.423940501097832,90.44392983933513,10.561741549254036,236.82029902543604,23.694437025300687,2.3980344084103007,0.0885628459344074,108.34356537786216,70.30108620230865,99.12382977032586,55.98609035427511
GSE305719,20,Soleus__dia__w9__mouse55,55,Soleus,dia,0.0722451927192293,0.0700941963133963,0.0757542209612319,0.0177642240727534,0.017228682188314,0.0185004937906611,15.601369729720684,8.894294997395551,184.85691474750564,40.49571566890046,100.34578358820828,11.2311725276775,232.6916266012264,40.66487491179712,2.266619464861753,0.141998862529324,66.72402997939602,81.11530682212924,124.21261651658637,40.98307924646069
GSE305719,20,Soleus__dia__w9__mouse56,56,Soleus,dia,0.1053920098909253,0.1046950276667371,0.1086789748529977,0.0054924290831379,0.0031667431815786,0.0066435024229377,34.412772926388755,9.533893184203563,175.17515803373868,16.211058396998453,138.2258103386138,33.22531958708686,390.9624850801428,296.08107799563595,2.09702951862816,0.4068580444534473,210.12049925520924,307.3973540467061,209.23741267568064,89.07250955356432
GSE305719,20,Soleus__norm__w9__mouse49,49,Soleus,norm,0.0897493635790269,0.0893465143953293,0.0905626693489614,0.0106928610320893,0.0105667071749188,0.011010629175038,12.577602904073377,2.133002287198545,197.77401628956693,71.91294138800231,71.26986953515447,20.81440120106789,191.97892093652047,60.8887485323109,2.358441955312899,0.0626557852958562,165.6782260150763,28.35389887865256,168.0558278270194,152.60604118369682
GSE305719,20,Soleus__norm__w9__mouse51,51,Soleus,norm,0.1080328840168488,0.1079915785619828,0.1081117163051653,0.0268930357730013,0.0266888951572904,0.0270075057498099,21.21185901516779,2.8750641235362195,266.2064370492692,27.816658802535983,104.8777820985268,9.400260498050043,253.09327087206103,64.95785307181399,2.432156719988233,0.1575486594311979,77.78045541329686,41.53235973917266,127.33207694504014,58.73947805490496
GSE305719,20,TibialisAnt__dia__w9__mouse45,45,TibialisAnt,dia,0.0983275298043445,0.098127163426621,0.1043364274768394,0.0260478581610155,0.0258460978224671,0.0288876815082112,23.605348607027985,7.242653170730161,150.42986931155235,101.88228028642273,131.59119330075788,23.579251679860818,302.92737733236174,39.983990546834434,1.808165922979752,0.715823071869496,69.29426679434872,104.575935537625,163.21324133917122,19.72608117890977
GSE305719,20,TibialisAnt__dia__w9__mouse48,48,TibialisAnt,dia,0.1084783712197215,0.1070969087925469,0.1086045733706259,0.0272871905258628,0.027149752590019,0.0273363027301619,24.65662006826985,10.496847952920112,331.39659090587134,44.69143804513692,137.64634253319014,9.766040250148194,346.0360977098967,23.386182366477613,1.777528273525368,0.4115740501370775,206.2337520145645,43.9209004170161,312.88564015054214,96.7798770476116
GSE305719,20,TibialisAnt__dia__w9__mouse55,55,TibialisAnt,dia,0.1099401141298933,0.1098974519599759,0.1100280123646377,0.0203152864455612,0.0201487238556883,0.0204463372444046,19.76163867463456,4.133059381445708,192.1668040691256,15.635763191708918,102.68456868771484,27.13086945479951,239.4712281642391,10.879862519026858,2.134906597620477,0.2040467431271735,111.84103607010044,9.92867684888013,87.43169037391135,43.966155330848665
GSE305719,20,TibialisAnt__dia__w9__mouse56,56,TibialisAnt,dia,0.0527073901781163,0.0523035942787516,0.0533096869532115,0.015334777139875,0.0151578101726099,0.0161815887976771,17.060514532617688,4.894537338632796,232.440973543709,38.12040430743389,110.031016990311,21.364780749128045,325.8990274301478,21.55183776984916,2.4264342462186668,0.0478267323445131,112.4516959213255,114.0272006544139,139.47489058285055,19.88709583868845
GSE305719,20,TibialisAnt__norm__w9__mouse49,49,TibialisAnt,norm,0.0762773498003608,0.0738521825182187,0.076709160942128,0.0202633300746427,0.01917258859229,0.0205332098185373,26.962806247979955,10.885901854186574,237.3625465123125,15.116604255862027,87.742746507178,44.714526226689685,263.14680153442805,44.205731094370265,2.410499851855924,0.080305598052349,229.60566124777728,104.94497973060184,160.66346050897016,43.94417363170683
GSE305719,20,TibialisAnt__norm__w9__mouse51,51,TibialisAnt,norm,0.0693915684880847,0.0693060526423856,0.0696633897270158,0.0291306730890313,0.0289564090313257,0.0292354258010876,21.910413842699175,0.8951010851537404,335.93192273437967,16.082521794447644,74.67540961613565,2.0578688373307017,404.7707238635968,12.027599428805845,2.511062323516872,0.025067934074725,179.62835032181806,10.198629027282893,223.4153173646689,17.88583893118627
GSE305719,25,Gastrocnemius__dia__w9__mouse45,45,Gastrocnemius,dia,0.1104493402682654,0.1098501933753686,0.1106336967864467,0.0227759452460746,0.0224318574988299,0.0231303087336874,27.50088765210249,7.596831206553546,165.59214578685766,10.84564963741019,98.2434839575442,14.859072901394896,354.45705283573847,106.1902202728985,2.014462765098389,0.1307209811916243,279.856938501735,54.14241730011622,212.5694849922466,64.37557215740935
GSE305719,25,Gastrocnemius__dia__w9__mouse48,48,Gastrocnemius,dia,0.1288650538377856,0.1172064380012968,0.1295848485669269,0.0270132813187968,0.0268290581227944,0.0284116035552729,23.838361457363646,3.404497680932483,173.27798113110126,108.27900404991593,43.03769123363542,24.668994623259977,282.62739811342504,122.92094052444418,2.033680781848897,0.3192707035331517,145.63299420281615,90.25218515243732,214.88207321931344,27.81596817144936
GSE305719,25,Gastrocnemius__dia__w9__mouse55,55,Gastrocnemius,dia,0.103982968642502,0.1007538783303333,0.1046939575143693,0.0228030691145331,0.0198213750264944,0.0240709711443657,25.510637230340425,6.465839193927476,206.4354519397287,60.73407949229579,87.73147103891677,18.617035738089957,254.8305961665326,42.96189130828782,2.3380297193758657,0.1463129140688268,211.42642451141148,75.63580176684556,151.97988227949838,16.672121172193897
GSE305719,25,Gastrocnemius__dia__w9__mouse56,56,Gastrocnemius,dia,0.1086053380034718,0.1084067900447061,0.1090784068388098,0.0257298071444622,0.0256177418580027,0.0258598858299905,26.864709511428305,2.9816689141461232,203.2692763353122,9.050791871443463,73.87528882791847,5.650373231811713,327.80868421339017,39.75259271708529,2.3790866849228705,0.0903311324431559,174.7012790589135,20.792967298524417,161.95250274863932,16.100192120552805
GSE305719,25,Gastrocnemius__norm__w9__mouse49,49,Gastrocnemius,norm,0.0956248855777844,0.0930712740520399,0.0979424456297737,0.0275934044114409,0.0244785835265054,0.0296648566715156,21.278545206016894,26.617453673415497,172.3773156096326,66.22264793693904,83.38198805838894,4.715352742597702,320.8087137136533,198.49472220213036,2.5166106182382584,0.0580819808864943,239.2690229410751,126.37650935748798,210.8025027527489,77.78799157233283
GSE305719,25,Gastrocnemius__norm__w9__mouse51,51,Gastrocnemius,norm,0.1110161292711941,0.1108721876017855,0.1113469507281728,0.0182241398895696,0.0174928210354198,0.0183810980656071,16.888805081320875,10.32285443059962,281.72319960330174,175.7489719612404,101.0846145584898,22.13334437109729,347.1712913969727,75.81584267338513,2.40454398911995,0.1356034172024456,199.152722547409,165.23261994763908,154.45743282850924,59.676787352806
GSE305719,25,Soleus__dia__w9__mouse45,45,Soleus,dia,0.1072169557898373,0.1070704546260514,0.1072582845232786,0.0150171382642304,0.0147378344831698,0.0156096548854958,25.27534466505153,5.21116443335859,219.83149955364803,51.01467551179593,109.2518418370041,20.356571992862115,262.45037903151024,48.788956815740136,2.330364048157275,0.2291342839784156,172.88641203525304,160.11325229907888,136.61235916893747,40.730721007559765
GSE305719,25,Soleus__dia__w9__mouse48,48,Soleus,dia,0.1110087124025821,0.1107750305268129,0.111208338434587,0.0213896968627614,0.0213643740605131,0.0214709299233868,22.61786983981674,1.2585648367476845,173.05983028542676,6.299604600813609,73.0141053076949,20.22554573189281,282.60857908728315,7.343459179720924,2.468968413316066,0.0297384770308344,183.9383578533729,42.71810189126123,163.7717013746281,24.013094655284647
GSE305719,25,Soleus__dia__w9__mouse55,55,Soleus,dia,0.0829452422077774,0.0761423217044551,0.0842374025826498,0.0156614382667774,0.0151565701609377,0.0162737122474169,14.872659558871176,6.834970662999417,129.0592245795797,19.378375276080888,80.53413480865338,2.7736541306867366,223.42786198608053,84.26615757362919,2.157372160805263,0.0578323820894759,142.1348401556897,57.7787658981616,74.57336324514861,114.15635389542264
GSE305719,25,Soleus__dia__w9__mouse56,56,Soleus,dia,0.1030712097431357,0.1029382357000662,0.1077123686910641,0.0062823541063311,0.0026200667326733,0.0063910984269191,39.60989897605251,9.776300321794231,155.46783528929717,19.764819255756947,82.9810948459373,1.2641427055795589,504.12766523133246,178.96165900094792,2.705094384963491,0.5653498070157736,226.7450307951238,41.44172067718589,220.77151494681763,23.27969473294658
GSE305719,25,Soleus__norm__w9__mouse49,49,Soleus,norm,0.0941998480282491,0.0915828335778972,0.0950592024061118,0.0109129423286772,0.0098086119513963,0.0113684941090047,12.173419167437796,2.130661613534418,120.17736735899284,16.118599530169263,54.05046396033268,9.435640011824816,192.18522815717895,15.922273969392023,2.306430060729887,0.1187608840140401,129.26396121626374,21.982091915291534,154.06962783862082,80.75621859743475
GSE305719,25,Soleus__norm__w9__mouse51,51,Soleus,norm,0.108038203651943,0.1077155517039137,0.108149885940932,0.0263100064477249,0.0259452188735726,0.0264045839460139,20.806494858889444,5.240059299361011,223.43887741240985,42.95801560006944,94.72027815637117,17.386262213438485,333.97915448126435,43.28587962165284,2.282957468889096,0.0351644677957372,217.2714113984716,91.1551192973596,137.22626179129003,69.5725120865318
GSE305719,25,TibialisAnt__dia__w9__mouse45,45,TibialisAnt,dia,0.1044479505070783,0.1042268776352588,0.1045494204406481,0.0255614033972084,0.0254243192768904,0.0290330626805002,22.40808964800222,7.543119220922499,192.87060513384847,37.45022373863296,87.89823683086108,10.899283206457824,325.4920024647861,106.56535945699368,2.435815711542027,0.1078936516886779,110.39324845810889,85.71641251555181,190.36553988632463,8.101997983709339
GSE305719,25,TibialisAnt__dia__w9__mouse48,48,TibialisAnt,dia,0.1086288694452371,0.1063934661647006,0.1098838163485513,0.0273496620995586,0.0271446920362897,0.0663732096806586,22.50385107273179,25.83562783683194,212.8849110818309,70.93422755038404,77.74595140876323,16.023888902621863,264.6355110788302,59.86600837775802,2.421374219272229,0.2338145170761998,189.05057913113495,103.7999447936656,123.14424411672636,56.93743197304326
GSE305719,25,TibialisAnt__dia__w9__mouse55,55,TibialisAnt,dia,0.1100264193405004,0.1097566657852794,0.1102655377804109,0.0211728303565281,0.0210295445549236,0.0214015923664604,14.637011560960108,1.8401075981689916,172.67887039237442,4.280789314027658,75.68709625050124,16.677941820636477,201.0678104978752,32.114452490034324,2.29565214388329,0.0256822644786627,106.8563667564832,26.115159907267937,126.40860279169084,22.50030168084767
GSE305719,25,TibialisAnt__dia__w9__mouse56,56,TibialisAnt,dia,0.0592053108694493,0.0582601425523409,0.0614980750086008,0.0103667127436103,0.0099837626394726,0.0110036164357123,13.350872235965944,6.77820194868203,209.708520117426,124.9523793230668,79.14378468600904,10.341841446000773,313.1126336965337,21.532141038974203,2.297958269293284,0.0645937525075197,124.93219195267925,88.24748996739521,172.2852435429587,22.652669556549995
GSE305719,25,TibialisAnt__norm__w9__mouse49,49,TibialisAnt,norm,0.0713807213067023,0.0687225705099012,0.0729767211081887,0.016400664962724,0.016160639805496,0.0177972042104549,30.71380549258949,13.008294457374204,269.4991067304064,26.192937229707127,87.06027951200984,11.493867737218238,303.33607831969084,50.62164158509614,2.321875810085121,0.4314166190529465,221.4909552727464,120.2842830888809,169.36501805670505,13.743232929417388
GSE305719,25,TibialisAnt__norm__w9__mouse51,51,TibialisAnt,norm,0.0678911664372575,0.0670550997080608,0.0690583962729964,0.0286339026402663,0.0284973121247919,0.0290704805977307,22.701933501358305,1.1102316511216692,201.7877752948503,5.082268238086641,68.2581080854251,1.4681048888203634,340.0291228598222,11.164265329176942,2.3717337689368287,0.0264198284611811,146.12518738995658,8.154292397275384,221.30460439407855,3.947447708366553
GSE305719,30,Gastrocnemius__dia__w9__mouse45,45,Gastrocnemius,dia,0.1083838225863782,0.1075791204984771,0.1086222532923553,0.0434623062709578,0.0422299095714909,0.0465744414108796,21.400531031743057,1.881213385787774,172.389985219702,41.71498556439167,98.13179890521972,3.698854967191437,266.5714930075467,17.888643059720152,1.884440981507296,0.0307321431106519,228.81564756762907,38.11487458121093,119.25631365659548,23.059060757474043
GSE305719,30,Gastrocnemius__dia__w9__mouse48,48,Gastrocnemius,dia,0.1156556183219566,0.1154186417562825,0.1158306786643607,0.0525970831857573,0.0517635354253867,0.053687696723428,19.38847572631184,1.3582048209699629,160.33456150835332,11.154650181065762,101.85466295683544,4.369928267289467,139.32880518387594,20.604188274325764,1.9344901796353136,0.0237012153390523,269.3291339532919,29.64665261406645,137.79064773080682,7.565188367258855
GSE305719,30,Gastrocnemius__dia__w9__mouse55,55,Gastrocnemius,dia,0.1064993763490005,0.1063628020117598,0.1066971511896507,0.0407494649040895,0.0400824878998924,0.0418597017563238,18.013895191062424,2.983275822283346,144.20192038537903,15.93374025877,97.65798329603868,8.132710415447477,245.7470845000598,9.978080074061069,1.9344332105075972,0.024098335306447,252.9433713494764,33.90123193442048,83.01537509406212,20.818144897674188
GSE305719,30,Gastrocnemius__dia__w9__mouse56,56,Gastrocnemius,dia,0.1017074200445349,0.1010937460414198,0.1017985532370712,0.0298609400027599,0.0294227832105601,0.0503352544492834,28.46659843653964,3.840817710275722,109.18540246584756,3.54929341096576,63.38600544210455,1.5782799995260175,227.95418625774903,2.6062676198965,1.5725433770235466,0.1512643418456418,251.114202034081,5.553946980309775,384.7233504139194,3.0708769859524523
GSE305719,30,Gastrocnemius__norm__w9__mouse49,49,Gastrocnemius,norm,0.0956361576765749,0.0953042742441987,0.0960438486616365,0.0385186682330052,0.0326247979166376,0.0411227662987711,32.71020183427476,4.096328078590634,149.24179773061283,25.484816502415043,128.26839975031874,9.135634407551052,346.2622426891648,66.64800369083764,1.9215422221620464,0.0865631663755577,388.4639094650089,64.12614376720597,175.45652679159258,26.617621917172016
GSE305719,30,Gastrocnemius__norm__w9__mouse51,51,Gastrocnemius,norm,0.1098484064133966,0.1096472119265577,0.1101285611795728,0.0295694691912683,0.0289090381629962,0.0496609240400719,28.259369832320164,2.162563272287457,199.9566544795478,115.11399102811932,108.49734368225393,68.8819078948859,352.02349189233723,15.606943818678872,1.913493399704239,0.4670497431932696,329.30059393413046,158.7070277743374,245.36813708725415,91.76995074329466
GSE305719,30,Soleus__dia__w9__mouse45,45,Soleus,dia,0.1056100943438643,0.1045418905300844,0.1069910303174119,0.0372295479574982,0.0287275224262364,0.0436574982625913,21.342812196579832,3.5177177107534376,253.59783692211755,211.16550760825984,82.67087977454506,9.437588002565676,222.3421302395845,128.77248066865488,1.706272217298458,0.1565630281566108,164.25943410575124,124.34077222422856,174.43671599651418,97.16262771132136
GSE305719,30,Soleus__dia__w9__mouse48,48,Soleus,dia,0.1113144557922784,0.1108472002681066,0.1123399674515102,0.0318892335729405,0.029372508265208,0.0338321820713719,26.10356051145358,4.02105856893429,145.24013700934069,9.035233210369997,103.76411537538915,8.554536404628223,308.28036054299747,26.263900616153933,1.9719815963180476,0.0665522773719666,266.2145326349346,19.833243717213943,146.1100007010141,35.89155465837132
GSE305719,30,Soleus__dia__w9__mouse55,55,Soleus,dia,0.0673607932002302,0.067022382903128,0.067660685226436,0.0287405213898245,0.0275072616593156,0.036741217502985,30.030308449532512,11.735153511474522,142.03286282290782,51.5823021772362,101.42150843864454,26.149688122767188,412.13130422605184,173.57933633546077,1.9223034737327311,0.134810631409453,349.1224829148803,128.27411915049782,149.41059708084617,37.9584434075862
GSE305719,30,Soleus__dia__w9__mouse56,56,Soleus,dia,0.1153704903047794,0.1119367269387275,0.1198228671728999,0.0080759428904395,0.0075280604893284,0.0088850831233199,21.897939969850214,3.771318957472765,180.10901767450088,11.057391376216202,105.84104487900105,18.76157174060184,392.4187039109254,39.12249484254261,1.9298623609264136,0.0861564736478794,284.6123839586447,35.664854147494395,216.51440017664288,23.04648297938093
GSE305719,30,Soleus__norm__w9__mouse49,49,Soleus,norm,0.0965048039388778,0.0963870952232679,0.0972550827996884,0.0205108000750991,0.0200838693478696,0.021001516647753,23.839822446703543,1.3454059909243234,147.17761954604816,6.166754430474015,113.53055181905997,6.099693862408955,292.0660393895064,10.62039722810448,1.8489799299624317,0.0346593465744262,328.41865977669903,11.657925751424443,163.46164482588125,11.051995087839458
GSE305719,30,Soleus__norm__w9__mouse51,51,Soleus,norm,0.1089707706048259,0.1081150213928939,0.1094514398198525,0.0510286433435917,0.0455437449297574,0.0522814356124749,22.1402476586136,6.626876843978696,143.67552117362874,96.00033186994564,87.20525858116021,11.096698300115094,261.9070472562768,187.20088759129655,1.868997375945959,0.2169180343076464,253.82787169172545,65.58899630765026,164.8503950091629,43.15172210062383
GSE305719,30,TibialisAnt__dia__w9__mouse45,45,TibialisAnt,dia,0.0957463681161221,0.0949426988990638,0.1095302203050088,0.076133730077246,0.0251603652654109,0.0781187026792512,27.376710964768343,19.667713731934366,209.2931855176061,20.999791672313165,71.85020145941469,71.14729695935553,195.26438638280317,233.0399753873037,1.780904093807217,0.3167224578009449,68.69789233655072,423.66711381324944,233.81094508801823,42.144301768680094
GSE305719,30,TibialisAnt__dia__w9__mouse48,48,TibialisAnt,dia,0.1072593764964681,0.1068101011184169,0.1074344463884138,0.0376696656238253,0.0341570880542237,0.0545855700711993,25.63955684430599,3.732747605969625,216.2785933408632,54.3604917777912,111.17343462967511,11.289172699046588,316.65425504677995,37.10392445462401,1.9182871658461396,0.1697943956769525,306.2405379766884,22.99323964337259,149.690750219679,7.538713954632641
GSE305719,30,TibialisAnt__dia__w9__mouse55,55,TibialisAnt,dia,0.1088886948195767,0.1088042380571467,0.1091481772690889,0.041588661019731,0.0411870494607079,0.0429537553354736,25.82394738432585,4.063731185781638,177.50820027427903,29.11441321553923,103.25630599547598,16.999501405525848,275.87928795015034,25.86952675666953,1.863551772472655,0.048865486664348,310.6272862721102,78.37737849682776,189.87229549554328,27.042694731962055
GSE305719,30,TibialisAnt__dia__w9__mouse56,56,TibialisAnt,dia,0.0466990219392441,0.0466053768196655,0.0470189385961651,0.0214567444197606,0.0209965831975853,0.0230367795742411,24.087448821226378,1.853032714856898,213.10858514265504,13.761692967845192,98.6600405132167,9.222120294295609,361.3310681022709,13.694398171715989,1.88199008593774,0.0321645478919354,277.1374664796929,16.485543502915903,200.7108157088306,11.675195186735609
GSE305719,30,TibialisAnt__norm__w9__mouse49,49,TibialisAnt,norm,0.0711304961990781,0.0697380070726158,0.0716110072857772,0.0284282382621671,0.0270695712978648,0.0301304472659888,29.900019482503893,3.902201212800847,157.35474226195936,7.704921314234355,78.30408106311825,8.498939435182663,273.3491727657788,31.14320428361117,1.9873677034956152,0.0361677724832902,224.4454631499237,31.88759495763952,170.30117059983718,34.9470523077016
GSE305719,30,TibialisAnt__norm__w9__mouse51,51,TibialisAnt,norm,0.0692173364843993,0.0691366152458227,0.0693598726288717,0.0328823891097248,0.0324225006100715,0.047461659259018,31.46711937156956,1.5667583153557558,197.137899547271,36.22705819784778,120.82655793627016,12.6021282155572,366.0030922160343,66.40349180666482,1.7440587511505037,0.0814277567360266,187.39248937432413,47.92565691840184,188.45672582665728,20.29429978399793
GSE305719,35,Gastrocnemius__dia__w9__mouse45,45,Gastrocnemius,dia,0.1092802172863413,0.1090297129592111,0.1094840866905476,0.0427269381532973,0.0413681485635109,0.0452968709832216,18.363765588767905,1.2836307421800193,189.20044429454305,27.900549188649705,95.33721211779746,5.905044229697396,248.396828859102,36.8346128757172,1.975077327005882,0.0255045511234146,169.85287932573078,12.126163333766044,116.634735222129,11.02285144606698
GSE305719,35,Gastrocnemius__dia__w9__mouse48,48,Gastrocnemius,dia,0.1156364610405473,0.1153244677771831,0.1158336647849465,0.052595045278566,0.0512681139482061,0.0548923181361357,16.723865731686804,3.9975737385146495,228.36003903969907,22.48012367073636,87.19683769978133,7.456862996050432,272.24378539009547,39.148576215222135,1.925612058263603,0.0383446114125185,66.5850293804506,29.26257295778217,139.87175579437536,18.27443878578822
GSE305719,35,Gastrocnemius__dia__w9__mouse55,55,Gastrocnemius,dia,0.1074006059242093,0.1059837111737082,0.1078426869613207,0.0304539941393565,0.0293365503472306,0.0333568324034315,25.443356379544632,12.101064158188557,206.4993029679614,14.492503007858772,87.73790831922219,52.0947878402709,402.2947315148962,39.54238227348509,1.933321328460234,0.2283700154623544,127.39105727422276,101.33212274319588,159.0000827036274,12.323855932306143
GSE305719,35,Gastrocnemius__dia__w9__mouse56,56,Gastrocnemius,dia,0.1019524941444759,0.1002079707959584,0.1021558170666976,0.0365330005130378,0.0262823013841207,0.0649123540098243,30.17797773898193,18.315743037211494,226.6353091310088,31.508884125033603,87.16586258963491,42.97596359915127,278.6379673548469,151.2263994626337,1.9524124353960983,0.4489670685851243,215.1450066550026,46.08515984864985,195.3666820478835,16.624767487887254
GSE305719,35,Gastrocnemius__norm__w9__mouse49,49,Gastrocnemius,norm,0.1029894079015871,0.0979641146078669,0.1085644204196184,0.040137014747047,0.0392244321406632,0.053688867865535,32.40624780991733,15.0204787756281,180.3430155045944,37.62530214398316,122.91517864971352,65.75968100675378,255.3794124810285,26.453361227834108,1.946828602676623,0.3544944622563646,182.95285768959783,67.01612994470659,244.7543821106337,168.47898335924214
GSE305719,35,Gastrocnemius__norm__w9__mouse51,51,Gastrocnemius,norm,0.1098874897024735,0.1098096304732979,0.1102917439084211,0.0315357763783743,0.0297079027997788,0.033709942327123,26.548949744191777,3.468528126839587,258.25510583050266,24.6092437310449,110.72780430403007,9.347983173782763,375.4611148084993,16.1580256277266,1.9999171047819333,0.1181876044324012,211.9604808804026,43.63793519171634,154.74149153061694,52.34598930752952
GSE305719,35,Soleus__dia__w9__mouse45,45,Soleus,dia,0.1082041633421005,0.1079908345471653,0.1086765962480942,0.0322074637842096,0.0281620416876233,0.0335888146524484,19.17789411268633,6.764712810970842,177.73836035394928,35.24690877612275,80.85119037773661,11.767022829492872,219.6123011162205,14.796330662409131,1.8265168961062732,0.0629991929958473,118.65873927438192,64.60222107029526,91.7984412531959,26.18382748246285
GSE305719,35,Soleus__dia__w9__mouse48,48,Soleus,dia,0.1108562587522745,0.1106468627777714,0.1115327797995938,0.0345471352366421,0.0226924415142928,0.0494953577051959,21.90435735028532,17.842755828560247,264.0822879086062,98.50014899400888,112.47009728766004,16.336030122262073,271.3967839908479,71.69167588786655,1.728259383136117,0.3877206832120463,188.358206356466,77.9600523585438,160.54789053200167,12.322878827141947
GSE305719,35,Soleus__dia__w9__mouse55,55,Soleus,dia,0.0698405734037175,0.0667334171936463,0.0702082412298623,0.0301158180586216,0.0245264200870712,0.0308626418775679,28.25791820909281,3.7208132941041008,229.51663641036757,43.55370239978743,93.6006401321766,18.063071945872053,344.4223354988685,43.04666196752913,1.95567701024142,0.0809053768911827,181.81655000629016,27.51323501740339,170.87922114696954,31.22514495150853
GSE305719,35,Soleus__dia__w9__mouse56,56,Soleus,dia,0.1066879737463279,0.1065874098815053,0.106932028237787,0.0099138939823971,0.0084065427201355,0.0109780466691712,20.030054647360508,2.062284359680014,186.07839840122423,22.002174678036056,87.22064305196629,24.24527971149328,279.68259166286964,53.81591815461522,1.806707911030684,0.0513769286054819,127.4830734484678,62.92789487171618,107.98611809716476,72.5473255891185
GSE305719,35,Soleus__norm__w9__mouse49,49,Soleus,norm,0.0937803089144741,0.0927167649076107,0.095462473163949,0.0228028239648906,0.0178688884087818,0.0233784116098814,14.398476783127087,16.80043509756964,174.48525222806114,37.49321016658283,100.7461912665883,41.88307093641659,305.58530672169354,118.47275065003288,1.7825027965762563,0.1254841170725777,43.63947287496175,208.45518622148785,120.8088556175088,71.54120361999104
GSE305719,35,Soleus__norm__w9__mouse51,51,Soleus,norm,0.1069476689978917,0.1061537269757513,0.1072379666006803,0.0313118001259234,0.0302061260204376,0.0326549414357924,16.064584274237436,10.41839669460601,211.3749620163494,109.2601053829217,83.83134979433572,41.133683410911445,174.5378198463156,93.261237378402,1.7353006618094178,0.1540562927791744,49.95917068138915,115.48521432217017,126.70628507192838,58.04206710492858
GSE305719,35,TibialisAnt__dia__w9__mouse45,45,TibialisAnt,dia,0.0938836278132868,0.0936937661159284,0.100970964568634,0.0545494970133698,0.0473778530033079,0.0568789949741932,22.52407362548961,4.166649873915137,196.48253409823764,29.3064855272967,113.7031852982068,41.8203677854483,379.19986201070014,184.29605720761856,1.8415516686278053,0.0757099452346763,122.33436022075672,87.61186644916111,128.74962476039087,40.88701382038073
GSE305719,35,TibialisAnt__dia__w9__mouse48,48,TibialisAnt,dia,0.1077204482701506,0.1074611104861511,0.1079461749816451,0.0512310934111675,0.0483443550618282,0.0558958546552779,25.003744416800423,6.694055920256805,179.7407095207975,53.471211551316,99.9223605098234,11.134076515000515,229.19001749162945,46.0602477870039,1.8797862729315908,0.1026010167375981,72.59629723854579,47.79273070919119,158.14325104037675,34.78857825759857
GSE305719,35,TibialisAnt__dia__w9__mouse55,55,TibialisAnt,dia,0.1092893548683063,0.1091143754004753,0.1094453183985559,0.04058601319081,0.0374335209371634,0.0427915289305009,22.04462341034476,3.4375914410123976,239.28579318532329,24.115233911058368,99.21892849305452,9.3004632327402,201.90087224284008,12.96277475470734,1.921724419855696,0.0662805089800993,168.34675448334565,38.63128692931608,108.24244398564454,24.734484747838906
GSE305719,35,TibialisAnt__dia__w9__mouse56,56,TibialisAnt,dia,0.048243964770063,0.0480147314174367,0.0493827991071239,0.0248822196815977,0.0227578610995676,0.0262026940619474,17.909384203746576,8.765524826372243,198.6780041556024,53.487123890945895,122.02953699405056,22.68085211631056,253.5778394392574,97.59386157672674,1.9111569742361127,0.0497966500455222,179.9410244089438,99.4463877769133,121.03958980558488,43.62445472604705
GSE305719,35,TibialisAnt__norm__w9__mouse49,49,TibialisAnt,norm,0.0727277312854909,0.0699388546513587,0.0740679498467461,0.0212481728066577,0.0187807323735818,0.022204978530912,32.59351566507915,1.6557417387272473,244.45463669711503,8.382188343579571,100.8531879448878,4.993650823000095,207.26415030103948,25.946554581057228,1.960061292702916,0.04966137893712,207.07648981700453,6.761165941751983,196.43332204300404,15.51219062702313
GSE305719,35,TibialisAnt__norm__w9__mouse51,51,TibialisAnt,norm,0.0747682236680442,0.0738353893809415,0.0752508915481374,0.0365851928780708,0.0349650310368284,0.0377095833737621,24.38051993842088,2.622692243640945,212.3015276294202,17.750084391847707,102.6828119602753,10.679548797949266,243.22941914168155,33.08988548244179,1.8467571700450072,0.1093191769854653,137.6972110825891,24.784449588505368,129.63684735575984,17.371856002730112
GSE305719,40,Gastrocnemius__dia__w9__mouse45,45,Gastrocnemius,dia,0.1095385537794249,0.108653208556909,0.1104370858982311,0.0336308273632279,0.0325984675466688,0.034119337613331,25.653851230641656,1.2341678901832651,129.45045899463256,19.344111813000254,79.7743615067861,3.388656406763843,386.1151176178511,44.455223140736166,1.758112298663809,0.0860848521010688,183.19149828219105,10.95068519931965,180.32583137055485,9.728520550895638
GSE305719,40,Gastrocnemius__dia__w9__mouse48,48,Gastrocnemius,dia,0.1159621651478539,0.1158615697389333,0.1162174526299823,0.0377232386715248,0.0360439445907704,0.0382610842166612,15.902770651111148,4.755050025365856,134.00382451960382,56.08441925369172,76.6795052308957,10.955737379317725,180.9822379857481,43.74171176747342,1.7634921570625457,0.1537008634008136,134.94010940899523,95.4476027594384,137.2514875593898,30.490570478572067
GSE305719,40,Gastrocnemius__dia__w9__mouse55,55,Gastrocnemius,dia,0.1066381254439229,0.1064667209272849,0.1068049650938605,0.042795035293274,0.042112776434482,0.0450711863422762,19.629839954888958,4.520695824475951,184.57947002228167,9.31617847080946,62.05179174691959,5.874135919559123,339.1867677645545,15.115842095261826,1.8185584725736688,0.0460565905171297,215.2316868285096,17.10296610203821,171.30301171566578,34.681047778053966
GSE305719,40,Gastrocnemius__dia__w9__mouse56,56,Gastrocnemius,dia,0.1055611898026721,0.105153326230229,0.1076080616107617,0.0363784297802676,0.0272906276318441,0.0372725793479831,26.87925724568199,1.479836610909974,109.132994661595,56.91830910365108,75.50686845827767,6.932876588889542,296.4062262185738,49.88358701237951,1.891379577841337,0.1962341344114784,166.61934169452664,50.66607935561842,192.0681620688547,15.09254996055185
GSE305719,40,Gastrocnemius__norm__w9__mouse49,49,Gastrocnemius,norm,0.0964730448509282,0.0958968325166314,0.0968817930257119,0.0290975845967888,0.0283682558327144,0.052210126365261,39.08425276166312,17.730367728200143,134.87715981008088,46.150433823265104,82.75450079782883,7.227632717233732,485.1737345554383,100.2301093001446,1.9531820038868184,0.2944657219052438,228.66115543582595,113.4562523883798,319.7570271238553,201.6293834824893
GSE305719,40,Gastrocnemius__norm__w9__mouse51,51,Gastrocnemius,norm,0.1098542358249492,0.1097431504844724,0.1100461768983392,0.0281037613238495,0.025559305928417,0.0424763348916608,27.44009333217474,6.384995505315278,143.16071449739405,89.98270358605126,87.96450159078891,37.218713279469966,331.68887340634114,25.232077691026177,1.738963007373663,0.2241569784475339,226.8307369347454,41.99618675034623,201.0296256933408,76.2747689073116
GSE305719,40,Soleus__dia__w9__mouse45,45,Soleus,dia,0.1087310393178299,0.108370344750177,0.1095302653030334,0.0269805563332696,0.0246860595794104,0.0289564524433119,23.899643672935515,8.479863782978857,153.90103262130165,77.6664209461384,103.69243522852015,34.759574644799244,334.48270807040177,185.7328435826537,1.952137267234204,0.1116530021689186,301.838461314532,149.58591045563878,178.92917748201768,74.98345027649546
GSE305719,40,Soleus__dia__w9__mouse48,48,Soleus,dia,0.1109986521167284,0.1106976852437803,0.1112621717618404,0.0274204529905335,0.0244988547582658,0.0385145500828674,25.035919502218636,9.4073345877856,137.8926032551759,31.42250933830637,86.18227503363667,18.619361818588036,337.6092986473536,187.46513939742937,1.9053963688196267,0.2000697580332084,179.144045833318,111.93769663680465,145.42688952421005,115.31615624146696
GSE305719,40,Soleus__dia__w9__mouse55,55,Soleus,dia,0.0659799712500342,0.0638497459763792,0.0660548843418658,0.0315725958485963,0.0265436122727373,0.0616108141819342,28.004838581723615,1.2944878542749765,169.3581551698282,292.8435124912808,74.1751005878092,42.93416290271288,282.10415375444416,122.753057538929,1.9045759262440196,0.5224401518378083,182.34013707083847,184.68304276614208,170.84623291569363,173.59645961359948
GSE305719,40,Soleus__dia__w9__mouse56,56,Soleus,dia,0.1075459997396011,0.106588204922528,0.1083696391975574,0.0062298791880815,0.0035652514758421,0.008744999075963,36.12239821899638,14.603348321205914,155.082874097012,128.11761590072848,79.32658364821224,15.033786991397392,274.1774269026709,11.79629475591895,2.007288931659123,0.2821961143753762,232.86822823142256,69.25815349099625,179.46486424244716,48.96553725266827
GSE305719,40,Soleus__norm__w9__mouse49,49,Soleus,norm,0.0922463689497643,0.091985074900814,0.0929690940690902,0.0161193165645017,0.0153193587527696,0.0170335165247675,25.85222268054003,2.178361496130353,121.00375671669858,24.406810069794844,80.14178251368739,3.283619166105765,259.4908315370868,35.497584030652774,1.9124863909346863,0.0252147650460687,176.8361497776573,14.512675993253737,200.13785352350084,43.01374312744741
GSE305719,40,Soleus__norm__w9__mouse51,51,Soleus,norm,0.1099081876019211,0.1096104345916703,0.1101334585972251,0.061187318553977,0.0350925408925428,0.0664417663433866,13.140255577618056,18.02849194617095,116.29623424396448,146.83137927861787,72.36830654494568,35.20604899455381,179.91408828590315,184.75453269240307,1.7448937329099978,0.3716673317568433,58.47102665180232,263.55802869122164,111.40188113886876,144.72457956334353
GSE305719,40,TibialisAnt__dia__w9__mouse45,45,TibialisAnt,dia,0.0979124254325083,0.0975386285910209,0.0985507760661536,0.0371742086170735,0.0307804834662463,0.0497991656136528,28.221763333949987,15.676101423863331,94.50347261529106,33.82808108624167,76.08866734964295,16.759750270656596,300.99636700840483,201.4382223872944,1.966044405132486,0.1383362024853687,187.37156266759223,72.89775857848073,193.84211089283795,137.22325804591216
GSE305719,40,TibialisAnt__dia__w9__mouse48,48,TibialisAnt,dia,0.106805211700684,0.1065678177952721,0.1071074564038196,0.0370689243825189,0.0297223914953907,0.0495741599269936,12.136320738081402,17.464115028354804,250.600619376186,111.1914656379214,92.39765172024808,25.855022928629808,290.1903093320277,79.1240259648207,1.834714337402541,0.1699626465182593,118.92703389171052,242.7949678485249,76.49629100968936,84.90923367056789
GSE305719,40,TibialisAnt__dia__w9__mouse55,55,TibialisAnt,dia,0.1092651464025428,0.109173636132596,0.1093762819667098,0.036315575198423,0.0347849281270969,0.0367859672698351,27.241698448193876,2.949631796918993,108.8385816175838,23.870622328039303,76.3454924234878,2.643270974673697,260.83026947191985,16.90822700931426,1.966669479249484,0.1384371603717635,170.2942253919694,33.76927715539779,179.21051049830947,19.25171651208538
GSE305719,40,TibialisAnt__dia__w9__mouse56,56,TibialisAnt,dia,0.0486994551726704,0.0478224615475496,0.0493071429215314,0.0227911415969314,0.0218610420769289,0.0236192052823705,20.85097001458113,2.6500681553314465,96.7757613954168,130.7523789150909,64.78409315404517,7.202253986526912,285.57439339893324,36.97738175896876,1.8363547055888825,0.0468882857181625,170.44194780761703,30.815116960087977,106.95597087506351,20.945096705240672
GSE305719,40,TibialisAnt__norm__w9__mouse49,49,TibialisAnt,norm,0.0724081282324654,0.0696920043094887,0.0737948673720422,0.0356008288804799,0.0326263914795807,0.0534383376689451,27.227936239142025,7.245101702741472,198.33969077788987,42.25469963245769,78.41044193080377,6.19091382399759,299.4145541025504,55.404731439886746,1.9340735690041464,0.3092744206494731,150.12231129249344,84.67582078046759,207.4687463836761,66.27534897624332
GSE305719,40,TibialisAnt__norm__w9__mouse51,51,TibialisAnt,norm,0.0821578890987928,0.0810902604908547,0.0912124187362088,0.0558008923822227,0.0534861352871654,0.0818131558245237,17.73669669858969,8.719858802473109,98.26367021405557,116.91065274821976,52.53756336480887,31.74499428482548,220.2669583010261,92.03891741738332,1.832310940290091,0.2978232907017408,120.85957160790936,135.88111041919453,107.38133431177748,56.92327562016007
GSE305719,45,Gastrocnemius__dia__w9__mouse45,45,Gastrocnemius,dia,0.1080105623777316,0.107654132445661,0.1086204500150232,0.025826296589417,0.0255939796973612,0.0262324912114855,18.0481405341186,2.435080754169814,240.8820993698099,10.53640635457657,108.17041706693588,14.467703521927136,402.9891183917968,53.15688625557635,2.3478978874230725,0.0409814617968695,152.14759976577102,55.83072326506391,85.13612260523634,22.994919837993564
GSE305719,45,Gastrocnemius__dia__w9__mouse48,48,Gastrocnemius,dia,0.1158895905530135,0.1157666433298294,0.1161394916330471,0.0320299949145324,0.0315588724639931,0.0330480038149802,16.5201797197302,1.349477621590271,211.0531025963158,8.4778406911241,85.84302414206306,5.518658284799798,208.4713883671502,30.22828264542721,2.4127494390330777,0.032384314887472,90.28607141194937,15.823455736887013,117.48996541615708,8.720873652774202
GSE305719,45,Gastrocnemius__dia__w9__mouse55,55,Gastrocnemius,dia,0.1054282863491834,0.104919327752014,0.1058566744310973,0.0217162926821249,0.0214822998475585,0.0219132949327126,18.495506477648497,3.6553431431651866,248.2920725486212,23.876960140549613,111.11178465454675,5.842499394814624,252.10845858914396,14.65101684181053,2.319928179994309,0.019689111145833,159.71964780552864,10.342422921505287,91.43254124898876,22.66056303600965
GSE305719,45,Gastrocnemius__dia__w9__mouse56,56,Gastrocnemius,dia,0.1056176339595541,0.1047487338187603,0.1059836860877857,0.0241239076237432,0.0227325921445763,0.024501429572803,21.87035619862,2.8761547833897083,157.19566017990869,51.48020511599702,104.0833304204495,52.41603242342482,305.6755776882094,198.12470464695596,2.29332183096777,0.122322259103019,179.9534371627431,110.11280029148536,108.11847076449868,55.7953072474655
GSE305719,45,Gastrocnemius__norm__w9__mouse49,49,Gastrocnemius,norm,0.1037782875953666,0.0981732317593762,0.1046355577699142,0.0246629774020857,0.0245292216406302,0.02498431536682,29.694120644241977,3.511432190857928,234.1229829504281,19.412758003921624,141.28715021016382,25.14945423549912,377.7587344122437,60.23125812691603,2.608467430492391,0.0576957603813408,358.90104785018195,35.068753582341685,140.26066397757438,30.365717431102865
GSE305719,45,Gastrocnemius__norm__w9__mouse51,51,Gastrocnemius,norm,0.1104989427069952,0.1104282722092174,0.1106254547779992,0.0176507072514401,0.0171344440040462,0.0177402972525222,22.362788349413773,3.638324495939965,264.48344151026527,30.044758924699607,117.24074176858136,8.3358699366173,311.46201172215825,51.01640874597428,2.51872735069444,0.066953200146552,193.26587063232023,19.80453579382069,107.01884226500675,21.46990096048846
GSE305719,45,Soleus__dia__w9__mouse45,45,Soleus,dia,0.1085128679920225,0.1084106174561128,0.1087949079642571,0.0139077399280462,0.0132001416134537,0.0142713895150421,14.175594622410376,0.910717683182714,211.06650321765028,21.75853756746355,78.66197280833313,16.471012669423317,225.1781941360327,32.825424325274184,2.569137612206341,0.0642718120996175,28.95598332572843,46.78876734763633,60.80942695298244,7.81115413160299
GSE305719,45,Soleus__dia__w9__mouse48,48,Soleus,dia,0.1118453870963677,0.1113368196495359,0.1122108087595479,0.0221713253683535,0.0212479055770877,0.0223358064254426,21.29944965181734,1.4315277150760366,224.43722857571413,11.379206017439031,101.46887817750223,6.071798697791593,291.7706034470982,36.75314136855849,2.391467818705636,0.1310720862127028,206.1699800717641,59.51430171819448,131.50529345993402,17.92548251817162
GSE305719,45,Soleus__dia__w9__mouse55,55,Soleus,dia,0.0853573678839353,0.0845610713732161,0.0865833432271305,0.0181045206177593,0.0179072844894523,0.0185993527943903,27.04866359726334,1.4963544400605393,212.96302038366184,14.19500091994857,140.40771418119016,9.35465842907766,389.7886818562189,32.37853522928657,2.482853776294747,0.0327089124077253,321.40548087730497,43.90709836157811,154.57177715457993,4.449230932337969
GSE305719,45,Soleus__dia__w9__mouse56,56,Soleus,dia,0.1051020269181293,0.1049655199543528,0.1058218978068783,0.0052536824986185,0.0039389126055353,0.0056798430162286,29.58564088725628,9.88923902407754,235.6002217923758,8.583612134165435,105.32761694494651,11.93385432287964,220.73747466535448,13.808474537522756,2.542357562116908,0.2030885268300442,223.6591145342436,84.53417885285285,161.54042070868655,85.56440757687031
GSE305719,45,Soleus__norm__w9__mouse49,49,Soleus,norm,0.0986198438468159,0.0972917740269487,0.1011679891560252,0.0095324202961954,0.0093831489933631,0.0108691275372931,22.72278316453488,1.7330361962687704,199.8151631242775,24.68057001118271,129.0926736608639,19.276337264278496,236.30305403940417,62.85798297130097,2.45305317086758,0.061723482190696,257.51698409046,37.437661830650256,109.22360435642922,8.982085125314285
GSE305719,45,Soleus__norm__w9__mouse51,51,Soleus,norm,0.1073120225074079,0.1072226122327647,0.1089320761783647,0.0271402998957901,0.0258002343244182,0.0272871758230845,19.47468356063648,4.634106486470753,277.91484699514035,100.24764977481333,128.22649045160634,41.28110776157689,464.5932932231068,125.82830075383843,2.245250254897852,0.1083230934864545,131.5617564037052,19.01164781606045,54.44621004375146,4.515136511183002
GSE305719,45,TibialisAnt__dia__w9__mouse45,45,TibialisAnt,dia,0.0933514480744705,0.0931406188875675,0.0977884890963909,0.029621003161219,0.0242971843213165,0.0300469477085131,35.72831905717595,16.930211827081575,304.92226989458607,68.92810381653459,186.33419602289243,116.65772337161953,592.174847762022,219.4799226297673,2.649670293332214,0.7192677850612577,421.7750216254666,265.23828897511544,173.95876452204044,105.7805418219614
GSE305719,45,TibialisAnt__dia__w9__mouse48,48,TibialisAnt,dia,0.1078594732008138,0.1068132202325774,0.1085055420425404,0.0308456678395047,0.0291821806626635,0.0354746476574359,19.8639706841454,4.2783437370299175,226.33227247874072,116.56374391130988,117.58101486661904,48.570850138499694,397.46382396474246,88.80664786509857,2.500545022578853,0.1480529600234326,179.59786239475213,98.71461036384228,87.4954506072537,23.92627869813937
GSE305719,45,TibialisAnt__dia__w9__mouse55,55,TibialisAnt,dia,0.110070087753935,0.109888210227138,0.1105911547568956,0.0205622424076072,0.0201167070260509,0.0206132313437032,25.03810419300089,3.690403299639062,209.97376228058835,23.8732210099416,129.2425813640124,22.22021849746963,382.9615903690659,17.585005060144397,2.404060303405561,0.0813566680656925,261.5406153208396,72.91426709283897,123.3661821275334,21.276357141626903
GSE305719,45,TibialisAnt__dia__w9__mouse56,56,TibialisAnt,dia,0.056676953985463,0.055352887455869,0.0587604045606816,0.0101235814949297,0.0095771386074702,0.010398048977816,26.212600107702997,1.318079827518858,101.02362587285884,24.904894806708484,132.57937770352055,3.240027241468596,431.0929899666219,58.28430884592939,2.518880964920574,0.018776048454637,369.9118358861391,25.921879440912733,126.65851746565126,6.141035350066176
GSE305719,45,TibialisAnt__norm__w9__mouse49,49,TibialisAnt,norm,0.0738445014618308,0.0707483186964644,0.0744867016860817,0.0189574518991711,0.0188942239185562,0.01906870462841,25.725358504411304,3.2968222653016817,212.5296107478456,18.9540333203266,116.00306738775396,6.880323871049995,339.2114327432134,26.230961962308697,2.3193384787469578,0.1244473696170094,212.3626403695942,9.659819231464695,158.39965145420152,15.200980705366874
GSE305719,45,TibialisAnt__norm__w9__mouse51,51,TibialisAnt,norm,0.0796037827179376,0.0766944973012912,0.0801130500695079,0.0268968678460863,0.0263547289873562,0.0271458488291758,11.86500692350199,0.7336049287014301,159.70589667232116,8.113672085083948,68.15439213252894,7.450604404530424,292.5452119646648,23.12750698855791,2.3528570757043408,0.0235300267950147,58.03789059192909,83.78338524545228,45.184019367113066,10.910617296139575
