source,threshold,tissue,hex1_hfd_minus_control
GSE17576,5,Gastrocnemius,0.0054818244618981965
GSE17576,5,Soleus,0.006698844889871242
GSE17576,5,TibialisAnt,0.019407808514641092
GSE17576,10,Gastrocnemius,0.002064763377647799
GSE17576,10,Soleus,0.006436311753554608
GSE17576,10,TibialisAnt,0.01842087023569325
GSE17576,15,Gastrocnemius,-0.002413438500744297
GSE17576,15,Soleus,0.0034368621362745044
GSE17576,15,TibialisAnt,0.02365081692303636
GSE17576,20,Gastrocnemius,0.004582118024327508
GSE17576,20,Soleus,0.006816638501350447
GSE17576,20,TibialisAnt,0.034089898585067446
GSE17576,25,Gastrocnemius,0.0034197217919442052
GSE17576,25,Soleus,0.005114480570191898
GSE17576,25,TibialisAnt,0.03373752368014511
GSE17576,30,Gastrocnemius,-0.0014093774357552963
GSE17576,30,Soleus,0.001967033170192603
GSE17576,30,TibialisAnt,0.03614648544639479
GSE17576,35,Gastrocnemius,0.0025612373060531907
GSE17576,35,Soleus,0.004500425736955693
GSE17576,35,TibialisAnt,0.02239921896613975
GSE17576,40,Gastrocnemius,0.0020394327616031632
GSE17576,40,Soleus,0.006438233357084738
GSE17576,40,TibialisAnt,0.03415200709418059
GSE17576,45,Gastrocnemius,0.006859474114614891
GSE17576,45,Soleus,0.006356541473702446
GSE17576,45,TibialisAnt,0.029639200989767744
GSE305719,5,Gastrocnemius,0.00426912638345904
GSE305719,5,Soleus,0.005497893995535297
GSE305719,5,TibialisAnt,0.01819358311690275
GSE305719,10,Gastrocnemius,0.0022723562921945495
GSE305719,10,Soleus,0.006421194969903246
GSE305719,10,TibialisAnt,0.02511854066390244
GSE305719,15,Gastrocnemius,0.004138416978414355
GSE305719,15,Soleus,0.003073982379367013
GSE305719,15,TibialisAnt,0.014225917054013049
GSE305719,20,Gastrocnemius,0.002262207506748118
GSE305719,20,Soleus,0.008025165041004256
GSE305719,20,TibialisAnt,0.030568491367810244
GSE305719,25,Gastrocnemius,0.00620683171137934
GSE305719,25,Soleus,0.0040250569263904495
GSE305719,25,TibialisAnt,0.0369024661041778
GSE305719,30,Gastrocnemius,0.004699317422703603
GSE305719,30,Soleus,0.005724487796219507
GSE305719,30,TibialisAnt,0.0313289559645564
GSE305719,35,Gastrocnemius,0.0019019628032450053
GSE305719,35,Soleus,0.007082079588031309
GSE305719,35,TibialisAnt,0.027054060564951146
GSE305719,40,Gastrocnemius,0.004924699273735192
GSE305719,40,Soleus,0.007061241252872802
GSE305719,40,TibialisAnt,0.025075809900967055
GSE305719,45,Gastrocnemius,-0.00032451698253804784
GSE305719,45,Soleus,0.0038415142779640032
GSE305719,45,TibialisAnt,0.023881318547757935
