source,tissue,pathway,min,median,max
GSE17576,Gastrocnemius,Fatty acid uptake & beta-oxidation,-0.5252804166801234,0.1027768677764986,0.6599913803204501
GSE17576,Gastrocnemius,Glutamate/aKG metabolism,-0.4979842958339398,-0.0719201057669766,0.9283087223325484
GSE17576,Gastrocnemius,Glycolysis,-0.5488498493428792,0.0311813223372148,1.1505301768716467
GSE17576,Gastrocnemius,Lactate metabolism,-0.2665044759140871,0.0789225249405592,0.6663019666797556
GSE17576,Gastrocnemius,Oxidative phosphorylation,-0.1634417645215264,-0.0116651688967061,0.1728895286655317
GSE17576,Gastrocnemius,Pyruvate oxidation,-1.042425692816923,0.2719190263623723,1.3282209762695227
GSE17576,Gastrocnemius,TCA cycle,-0.4125022432644731,-0.0727400005851245,0.6686685318721463
GSE17576,Soleus,Fatty acid uptake & beta-oxidation,-0.3000175552687628,0.1197863006142323,0.4019785337257051
GSE17576,Soleus,Glutamate/aKG metabolism,-0.8902729588440044,-0.0479459972333867,0.3984128241488847
GSE17576,Soleus,Glycolysis,-0.1909805749609856,0.0007815212430054,0.4812268174027572
GSE17576,Soleus,Lactate metabolism,-0.2558611308046322,-0.0786333033839469,0.3049151030259868
GSE17576,Soleus,Oxidative phosphorylation,-0.1057918240932061,0.0546263377577368,0.1280739136754785
GSE17576,Soleus,Pyruvate oxidation,-0.8360567474723305,-0.1579611284926507,0.9053198846175636
GSE17576,Soleus,TCA cycle,-0.3686714961285417,-0.0438282597641417,0.2663877470591387
GSE17576,TibialisAnt,Fatty acid uptake & beta-oxidation,-0.6704650792894075,-0.2309437567728177,0.5636490004300717
GSE17576,TibialisAnt,Glutamate/aKG metabolism,-0.6028555768419245,-0.3114871005113832,0.6437772782890194
GSE17576,TibialisAnt,Glycolysis,-0.5588349321515494,0.1106172079113531,0.4243953555826227
GSE17576,TibialisAnt,Lactate metabolism,-0.2470635512321195,-0.150072136048566,0.4116767441951355
GSE17576,TibialisAnt,Oxidative phosphorylation,-0.1812839914277034,-0.0441007570812761,0.0609637532981195
GSE17576,TibialisAnt,Pyruvate oxidation,-0.7854839895103037,-0.3956495473149961,0.2713532272619499
GSE17576,TibialisAnt,TCA cycle,-0.4888991147616429,-0.3028639432946782,0.7998915002518275
GSE305719,Gastrocnemius,Fatty acid uptake & beta-oxidation,-0.579909033686974,0.1256213230213259,0.4898026562578049
GSE305719,Gastrocnemius,Glutamate/aKG metabolism,-0.2701807361172509,-0.0777287834514511,0.6009740484521033
GSE305719,Gastrocnemius,Glycolysis,-0.4174888393390081,-0.1908720962992111,0.4002428824134696
GSE305719,Gastrocnemius,Lactate metabolism,-0.5598399577997033,-0.1299646775314286,0.4111690718761679
GSE305719,Gastrocnemius,Oxidative phosphorylation,-0.170798974614752,-0.0224765118586763,0.0989513477080411
GSE305719,Gastrocnemius,Pyruvate oxidation,-0.930820676779163,-0.3808503783394385,1.7277335856618592
GSE305719,Gastrocnemius,TCA cycle,-0.7111873034683739,0.0361269031960137,0.8368587573647288
GSE305719,Soleus,Fatty acid uptake & beta-oxidation,0.0620708380957367,0.4439055437796761,0.5782613555758929
GSE305719,Soleus,Glutamate/aKG metabolism,-0.1596772155421144,-0.0647833766581872,0.3808196524166394
GSE305719,Soleus,Glycolysis,-0.3153471728544192,0.1073337799955635,0.481395230525776
GSE305719,Soleus,Lactate metabolism,-0.4391797131797963,0.1988557053969006,0.4887531258902932
GSE305719,Soleus,Oxidative phosphorylation,-0.0525236884172814,0.0612519711309141,0.0970443825417776
GSE305719,Soleus,Pyruvate oxidation,-0.2392213813833395,0.1437009876301312,1.7244455497235296
GSE305719,Soleus,TCA cycle,-0.0197538830256657,0.1670126893440469,0.805615598421914
GSE305719,TibialisAnt,Fatty acid uptake & beta-oxidation,-0.5279821206785832,-0.1351487910632259,0.4472088903032681
GSE305719,TibialisAnt,Glutamate/aKG metabolism,-0.5285940400021202,-0.2374169687392551,0.252860200515334
GSE305719,TibialisAnt,Glycolysis,-0.1420233765759821,0.0698001879305061,0.5730401604746491
GSE305719,TibialisAnt,Lactate metabolism,-0.1551971825089669,-0.0347554603181951,0.978783549484911
GSE305719,TibialisAnt,Oxidative phosphorylation,-0.3197960760392566,0.0078849749943127,0.1145155796874101
GSE305719,TibialisAnt,Pyruvate oxidation,-0.8675431809938365,-0.1669608060411257,1.223576117683681
GSE305719,TibialisAnt,TCA cycle,-0.7823711514294172,-0.3435701407625466,0.2964487743881936
