source,threshold,PDHm_median_rel,ATP_capacity,ATP_demand_fraction
GSE17576,5,0.469815602076715,6.85712563451775,0.5104179486491426
GSE17576,10,0.4496120771794199,6.857125634517769,0.5104179486491411
GSE17576,15,0.4429773923475729,6.853375634517776,0.5106972369020409
GSE17576,20,0.4361100583977655,5.000283417935702,0.6999603237379947
GSE17576,25,0.7254974453045142,3.5530308798646333,0.9850744669388706
GSE17576,30,0.7346916208098508,3.5530308798646324,0.9850744669388708
GSE17576,35,0.46823526456866793,5.197844225888328,0.6733560776153962
GSE17576,40,0.8073779137305415,3.5297165820643013,0.9915810288522027
GSE17576,45,0.7014579897585524,3.5332582487309634,0.990587088067251
GSE305719,5,0.44357817265216193,6.9304589678511,0.5050170582115474
GSE305719,10,0.42400434451983227,6.930458967851093,0.505017058211548
GSE305719,15,0.4686883652164696,6.930458967851103,0.5050170582115472
GSE305719,20,0.46306923029747843,6.8571256345177645,0.5104179486491415
GSE305719,25,0.45922909042267285,6.857125634517772,0.5104179486491409
GSE305719,30,0.7576594442085752,3.5530308798646426,0.985074466938868
GSE305719,35,0.8122722307416796,3.553030879864644,0.9850744669388677
GSE305719,40,0.7032636279324171,3.5332582487309585,0.9905870880672524
GSE305719,45,0.4458988573990129,5.207090598101967,0.672160380938212
